Product Name,Total_Sales,Total_Profit,Total_Orders,Avg_Discount,Profit_Margin,Sales_Score,Profit_Score,Total_Score,Segment
"""While you Were Out"" Message Book, One Form per Page",25.228,10.388,3,0.13333333333333333,41.17647058823529,1,2,3,Risky
"#10 Gummed Flap White Envelopes, 100/Box",41.3,16.7678,4,0.1,40.60000000000001,1,2,3,Risky
#10 Self-Seal White Envelopes,108.682,52.123,4,0.05,47.95918367346938,2,3,5,Profitable
"#10 White Business Envelopes,4 1/8 x 9 1/2",488.904,223.1408,7,0.05714285714285715,45.64102564102564,3,4,7,Star Product
"#10- 4 1/8"" x 9 1/2"" Recycled Envelopes",286.672,115.2806,10,0.08,40.21341463414634,2,3,5,Profitable
"#10- 4 1/8"" x 9 1/2"" Security-Tint Envelopes",146.688,64.86359999999999,8,0.07500000000000001,44.21874999999999,2,3,5,Profitable
"#10-4 1/8"" x 9 1/2"" Premium Diagonal Seam Envelopes",176.288,63.747,2,0.1,36.160714285714285,2,3,5,Profitable
#6 3/4 Gummed Flap White Envelopes,71.28,24.948,4,0.2,35.0,1,2,3,Risky
"1.7 Cubic Foot Compact ""Cube"" Office Refrigerators",2706.08,578.6848,6,0.06666666666666667,21.384615384615387,4,4,8,Star Product
"1/4 Fold Party Design Invitations & White Envelopes, 24 8-1/2"" X 11"" Cards, 25 Env./Pack",49.980000000000004,22.7115,2,0.1,45.44117647058823,1,2,3,Risky
12 Colored Short Pencils,18.2,3.016,3,0.13333333333333333,16.571428571428573,1,1,2,Loss Maker
12-1/2 Diameter Round Wall Clock,551.448,91.1088,8,0.27499999999999997,16.521739130434785,3,3,6,Profitable
14-7/8 x 11 Blue Bar Computer Printout Paper,422.752,172.94400000000002,4,0.1,40.909090909090914,3,4,7,Star Product
2300 Heavy-Duty Transfer File Systems by Perma,344.724,20.9832,4,0.1,6.086956521739131,3,2,5,Profitable
"24 Capacity Maxi Data Binder Racks, Pearl",3537.24,536.9025,4,0.1,15.17857142857143,4,4,8,Star Product
24-Hour Round Wall Clock,487.512,180.0198,6,0.06666666666666667,36.92622950819672,3,4,7,Star Product
3-ring staple pack,42.111999999999995,16.6944,6,0.10000000000000002,39.64285714285715,1,2,3,Risky
3.6 Cubic Foot Counter Height Office Refrigerator,2946.2,-872.0751999999999,5,0.52,-29.599999999999998,4,1,5,Profitable
36X48 HARDFLOOR CHAIRMAT,369.24800000000005,-40.4914,6,0.2333333333333333,-10.965909090909088,3,1,4,Risky
"3D Systems Cube Printer, 2nd Generation, Magenta",14299.89,3717.9714000000004,2,0.0,26.0,4,4,8,Star Product
"3D Systems Cube Printer, 2nd Generation, White",2339.982,-467.9964,2,0.35,-20.0,4,1,5,Profitable
3M Hangers With Command Adhesive,108.03999999999999,36.001,8,0.15,33.321917808219176,2,2,4,Risky
3M Office Air Cleaner,259.8,90.93,2,0.0,35.0,2,3,5,Profitable
3M Organizer Strips,83.16,10.151999999999997,7,0.3857142857142857,12.207792207792204,1,1,2,Loss Maker
3M Polarizing Light Filter Sleeves,216.34,75.34599999999999,4,0.2,34.82758620689654,2,3,5,Profitable
"3M Polarizing Task Lamp with Clamp Arm, Light Gray",2191.68,569.8368,4,0.0,26.000000000000007,4,4,8,Star Product
3M Replacement Filter for Office Air Cleaner for 20' x 33' Room,303.36,-20.476799999999997,4,0.25,-6.749999999999999,2,1,3,Risky
4009 Highlighters,8.04,2.7336,1,0.0,34.0,1,1,2,Loss Maker
4009 Highlighters by Sanford,171.14,53.8096,8,0.05,31.441860465116285,2,3,5,Profitable
50 Colored Long Pencils,138.176,32.9184,5,0.04,23.823529411764707,2,2,4,Risky
"6"" Cubicle Wall Clock, Black",124.586,26.211599999999997,4,0.2,21.038961038961038,2,2,4,Risky
9-3/4 Diameter Round Wall Clock,455.07,183.1312,8,0.05,40.24242424242425,3,4,7,Star Product
"ACCOHIDE 3-Ring Binder, Blue, 1""",147.028,50.7164,13,0.16153846153846155,34.49438202247192,2,3,5,Profitable
ACCOHIDE Binder by Acco,65.25399999999999,19.287100000000002,4,0.22499999999999998,29.556962025316462,1,2,3,Risky
APC 7 Outlet Network SurgeArrest Surge Protector,1207.2,80.47999999999998,8,0.225,6.666666666666663,4,3,7,Star Product
ARKON Windshield Dashboard Air Vent Car Mount Holder,216.95999999999998,-15.594000000000001,4,0.1,-7.187500000000001,2,1,3,Risky
AT&T 1070 Corded Phone,1070.304,133.788,3,0.20000000000000004,12.5,3,3,6,Profitable
AT&T 1080 Corded phone,1945.258,145.2094,7,0.2,7.464788732394366,4,4,8,Star Product
AT&T 1080 Phone,1589.084,271.24019999999996,3,0.13333333333333333,17.068965517241377,4,4,8,Star Product
AT&T 17929 Lendline Telephone,1339.104,167.388,10,0.14,12.5,4,4,8,Star Product
AT&T 841000 Phone,1614.6,165.6,7,0.17142857142857146,10.256410256410255,4,4,8,Star Product
AT&T CL2909,755.9399999999999,50.395999999999994,3,0.26666666666666666,6.666666666666667,3,3,6,Profitable
AT&T CL82213,481.234,131.3247,5,0.04,27.289156626506028,3,3,6,Profitable
AT&T CL83451 4-Handset Telephone,1936.306,473.777,4,0.1,24.46808510638298,4,4,8,Star Product
AT&T EL51110 DECT,377.97,109.6113,1,0.0,28.999999999999996,3,3,6,Profitable
AT&T SB67148 SynJ,475.128,89.74640000000001,3,0.13333333333333333,18.888888888888893,3,3,6,Profitable
AT&T TR1909W,1738.662,340.173,4,0.1,19.565217391304348,4,4,8,Star Product
Aastra 57i VoIP phone,3684.708,575.3316,7,0.14285714285714285,15.614035087719296,4,4,8,Star Product
Aastra 6757i CT Wireless VoIP phone,2929.984,482.5856,6,0.16666666666666666,16.470588235294116,4,4,8,Star Product
Acco 3-Hole Punch,137.53199999999998,55.538399999999996,9,0.23333333333333334,40.382165605095544,2,3,5,Profitable
Acco 6 Outlet Guardian Basic Surge Suppressor,38.272,-3.6608,2,0.4,-9.565217391304348,1,1,2,Loss Maker
Acco 6 Outlet Guardian Premium Plus Surge Suppressor,289.456,-113.76719999999999,6,0.4000000000000001,-39.303797468354425,2,1,3,Risky
Acco 6 Outlet Guardian Premium Surge Suppressor,432.432,60.424,8,0.1625,13.973063973063974,3,3,6,Profitable
Acco 6 Outlet Guardian Standard Surge Suppressor,149.916,22.971,5,0.2,15.32258064516129,2,2,4,Risky
"Acco 7-Outlet Masterpiece Power Center, Wihtout Fax/Phone Line Protection",3039.5,401.21400000000006,7,0.2857142857142857,13.200000000000001,4,4,8,Star Product
"Acco Banker's Clasps, 5 3/4""-Long",40.896,18.0,5,0.08,44.01408450704225,1,2,3,Risky
"Acco Clips to Go Binder Clips, 24 Clips in Two Sizes",66.03,30.2815,5,0.04,45.86021505376344,1,2,3,Risky
Acco D-Ring Binder w/DublLock,235.18,-102.8378,9,0.6222222222222222,-43.72727272727273,2,1,3,Risky
"Acco Data Flex Cable Posts For Top & Bottom Load Binders, 6"" Capacity",287.868,64.1445,10,0.29,22.282608695652172,2,3,5,Profitable
Acco Economy Flexible Poly Round Ring Binder,11.484,-5.742,4,0.6,-50.0,1,1,2,Loss Maker
Acco Expandable Hanging Binders,38.918,1.0208000000000004,4,0.35,2.6229508196721323,1,1,2,Loss Maker
"Acco Flexible ACCOHIDE Square Ring Data Binder, Dark Blue, 11 1/2"" X 14"" 7/8""",410.004,111.2868,10,0.29,27.142857142857142,3,3,6,Profitable
"Acco Four Pocket Poly Ring Binder with Label Holder, Smoke, 1""",122.18,7.449999999999999,6,0.4000000000000001,6.097560975609755,2,1,3,Risky
Acco Glide Clips,19.6,9.604,1,0.0,48.99999999999999,1,1,2,Loss Maker
Acco Hanging Data Binders,41.910000000000004,8.2296,7,0.32857142857142857,19.636363636363633,1,1,2,Loss Maker
Acco Hot Clips Clips to Go,67.116,25.497500000000002,6,0.13333333333333333,37.990196078431374,1,2,3,Risky
"Acco PRESSTEX Data Binder with Storage Hooks, Dark Blue, 14 7/8"" X 11""",175.388,73.8674,7,0.1142857142857143,42.11656441717791,2,3,5,Profitable
"Acco PRESSTEX Data Binder with Storage Hooks, Dark Blue, 9 1/2"" X 11""",62.946,-0.16139999999999866,4,0.55,-0.2564102564102543,1,1,2,Loss Maker
"Acco PRESSTEX Data Binder with Storage Hooks, Light Blue, 9 1/2"" X 11""",67.25,19.6908,5,0.26,29.28,1,2,3,Risky
Acco Perma 2700 Stacking Storage Drawers,208.18,5.948,4,0.1,2.857142857142857,2,1,3,Risky
Acco Perma 3000 Stacking Storage Drawers,373.44399999999996,16.5742,6,0.13333333333333333,4.438202247191012,3,2,5,Profitable
Acco Perma 4000 Stacking Storage Drawers,457.96799999999996,30.044,11,0.09090909090909091,6.560283687943263,3,2,5,Profitable
"Acco Pressboard Covers with Storage Hooks, 14 7/8"" x 11"", Dark Blue",59.817,13.1826,5,0.3,22.038216560509554,1,2,3,Risky
"Acco Pressboard Covers with Storage Hooks, 14 7/8"" x 11"", Executive Red",63.627,-13.906500000000001,8,0.5625,-21.856287425149702,1,1,2,Loss Maker
"Acco Pressboard Covers with Storage Hooks, 14 7/8"" x 11"", Light Blue",131.097,18.412499999999998,11,0.4636363636363636,14.044943820224717,2,2,4,Risky
"Acco Pressboard Covers with Storage Hooks, 9 1/2"" x 11"", Executive Red",91.44,34.8996,9,0.15555555555555556,38.166666666666664,1,2,3,Risky
"Acco Recycled 2"" Capacity Laser Printer Hanging Data Binders",85.255,8.669999999999998,4,0.475,10.169491525423727,1,1,2,Loss Maker
Acco Side-Punched Conventional Columnar Pads,41.64,-7.8075,4,0.2,-18.75,1,1,2,Loss Maker
"Acco Six-Outlet Power Strip, 4' Cord Length",343.076,81.5452,9,0.022222222222222223,23.768844221105525,3,3,6,Profitable
Acco Smartsocket Color-Coded Six-Outlet AC Adapter Model Surge Protectors,448.902,-7.041599999999996,4,0.30000000000000004,-1.5686274509803915,3,1,4,Risky
"Acco Smartsocket Table Surge Protector, 6 Color-Coded Adapter Outlets",452.96500000000003,105.48499999999999,3,0.10000000000000002,23.287671232876708,3,3,6,Profitable
Acco Suede Grain Vinyl Round Ring Binder,38.641999999999996,-4.892799999999999,8,0.5375,-12.661870503597122,1,1,2,Loss Maker
Acco Translucent Poly Ring Binders,91.728,16.2864,8,0.3125,17.75510204081633,1,2,3,Risky
Accohide Poly Flexible Ring Binders,43.758,-19.822000000000003,8,0.5375,-45.2991452991453,1,1,2,Loss Maker
"Acme 10"" Easy Grip Assistive Scissors",448.76800000000003,129.722,8,0.025,28.90625,3,3,6,Profitable
Acme Box Cutter Scissors,306.9,72.2238,6,0.03333333333333333,23.533333333333335,2,3,5,Profitable
"Acme Design Line 8"" Stainless Steel Bent Scissors w/Champagne Handles, 3-1/8"" Cut",45.144,10.1916,3,0.06666666666666667,22.575757575757574,1,2,3,Risky
Acme Design Stainless Steel Bent Scissors,88.92,24.0084,3,0.0,27.0,1,2,3,Risky
Acme Elite Stainless Steel Scissors,95.076,21.0168,5,0.08,22.10526315789474,1,2,3,Risky
Acme Forged Steel Scissors with Black Enamel Handles,279.3,67.7768,8,0.05,24.266666666666666,2,3,5,Profitable
Acme Galleria Hot Forged Steel Scissors with Colored Handles,195.05200000000002,49.8641,3,0.06666666666666667,25.564516129032256,2,3,5,Profitable
"Acme Hot Forged Carbon Steel Scissors with Nickel-Plated Handles, 3 7/8"" Cut, 8""L",458.7,103.416,7,0.08571428571428573,22.545454545454547,3,3,6,Profitable
Acme Kleen Earth Office Shears,44.232,11.1744,5,0.08,25.263157894736842,1,2,3,Risky
Acme Kleencut Forged Steel Scissors,35.587999999999994,7.462,3,0.13333333333333333,20.967741935483875,1,1,2,Loss Maker
Acme Office Executive Series Stainless Steel Trimmers,159.402,26.2242,7,0.08571428571428573,16.451612903225808,2,2,4,Risky
Acme Preferred Stainless Steel Scissors,90.88,26.3552,4,0.0,29.000000000000004,1,2,3,Risky
Acme Rosewood Handle Letter Opener,43.67,-3.4936000000000003,3,0.06666666666666667,-8.0,1,1,2,Loss Maker
Acme Serrated Blade Letter Opener,13.992,-1.7489999999999999,2,0.1,-12.499999999999998,1,1,2,Loss Maker
Acme Softgrip Scissors,166.056,33.1298,4,0.1,19.950980392156865,2,2,4,Risky
Acme Stainless Steel Office Snips,81.424,12.431700000000001,4,0.1,15.267857142857144,1,2,3,Risky
Acme Tagit Stainless Steel Antibacterial Scissors,196.01999999999998,37.026,6,0.10000000000000002,18.888888888888893,2,2,4,Risky
Acme Titanium Bonded Scissors,102.0,20.23,5,0.08,19.833333333333332,2,2,4,Risky
Acme Value Line Scissors,76.64999999999999,20.44,10,0.06000000000000001,26.66666666666667,1,2,3,Risky
Acrylic Self-Standing Desk Frames,93.984,32.7342,8,0.07500000000000001,34.82954545454546,1,2,3,Risky
"Adams ""While You Were Out"" Message Pads",72.848,31.400000000000002,5,0.04,43.10344827586207,1,2,3,Risky
"Adams Phone Message Book, 200 Message Capacity, 8 1/16” x 11”",227.04,104.4384,8,0.0,46.0,2,3,5,Profitable
"Adams Phone Message Book, Professional, 400 Message Capacity, 5 3/6” x 11”",94.928,43.1364,3,0.06666666666666667,45.44117647058824,1,2,3,Risky
"Adams Telephone Message Book W/Dividers/Space For Phone Numbers, 5 1/4""X8 1/2"", 200/Messages",172.672,72.70400000000001,7,0.028571428571428574,42.10526315789474,2,3,5,Profitable
"Adams Telephone Message Book W/Dividers/Space For Phone Numbers, 5 1/4""X8 1/2"", 300/Messages",132.888,60.9168,10,0.04,45.84070796460177,2,3,5,Profitable
"Adams Telephone Message Book w/Frequently-Called Numbers Space, 400 Messages per Book",223.44,111.72,7,0.0,50.0,2,3,5,Profitable
"Adams Telephone Message Books, 5 1/4” x 11”",80.936,32.918,5,0.16,40.67164179104477,1,2,3,Risky
"Adams Write n' Stick Phone Message Book, 11"" X 5 1/4"", 200 Messages",40.896,16.3584,3,0.06666666666666667,40.0,1,2,3,Risky
Adjustable Depth Letter/Legal Cart,7730.196,1932.549,11,0.06666666666666667,25.0,4,4,8,Star Product
Adjustable Personal File Tote,270.24800000000005,53.3984,5,0.08,19.75903614457831,2,3,5,Profitable
Adtran 1202752G1,1990.6419999999998,312.4552,5,0.16,15.69620253164557,4,4,8,Star Product
"Advantus 10-Drawer Portable Organizer, Chrome Metal Frame, Smoke Drawers",1051.7759999999998,277.2864,4,0.05,26.363636363636367,3,4,7,Star Product
"Advantus Employee of the Month Certificate Frame, 11 x 13-1/2",822.738,311.7744,5,0.04,37.89473684210527,3,4,7,Star Product
Advantus Map Pennant Flags and Round Head Tacks,87.69,20.54,6,0.06666666666666667,23.423423423423422,1,2,3,Risky
Advantus Motivational Note Cards,227.94,94.32000000000001,5,0.12000000000000002,41.379310344827594,2,3,5,Profitable
Advantus Panel Wall Acrylic Frame,87.52,25.162,5,0.2,28.749999999999996,1,2,3,Risky
Advantus Panel Wall Certificate Holder - 8.5x11,270.84,108.092,6,0.06666666666666667,39.90990990990991,2,3,5,Profitable
Advantus Plastic Paper Clips,225.0,102.8,10,0.06000000000000001,45.68888888888889,2,3,5,Profitable
Advantus Push Pins,54.936,20.2086,7,0.05714285714285715,36.78571428571429,1,2,3,Risky
"Advantus Push Pins, Aluminum Head",139.44,43.2264,5,0.0,31.0,2,2,4,Risky
Advantus Rolling Drawer Organizers,1115.92,233.18880000000001,6,0.10000000000000002,20.896551724137932,3,4,7,Star Product
Advantus Rolling Storage Box,428.75,90.7235,10,0.08,21.16,3,3,6,Profitable
Advantus SlideClip Paper Clips,46.376000000000005,19.778,3,0.06666666666666667,42.647058823529406,1,2,3,Risky
Advantus T-Pin Paper Clips,64.042,20.0244,5,0.12000000000000002,31.267605633802813,1,2,3,Risky
Airmail Envelopes,1359.6660000000002,514.4909,6,0.13333333333333333,37.839506172839506,4,4,8,Star Product
Akro Stacking Bins,91.524,-6.9432,6,0.10000000000000002,-7.586206896551724,1,1,2,Loss Maker
Akro-Mils 12-Gallon Tote,113.202,21.548099999999998,4,0.1,19.035087719298243,2,2,4,Risky
"Alliance Big Bands Rubber Bands, 12/Pack",29.7,0.0,4,0.0,0.0,1,1,2,Loss Maker
Alliance Rubber Bands,13.440000000000001,0.5376000000000001,2,0.0,4.0,1,1,2,Loss Maker
"Alliance Super-Size Bands, Assorted Sizes",197.61200000000002,-10.3474,4,0.05,-5.2362204724409445,2,1,3,Risky
Alphabetical Labels for Top Tab Filing,518.0,244.2,9,0.06666666666666668,47.14285714285714,3,4,7,Star Product
Aluminum Document Frame,244.39999999999998,56.211999999999996,5,0.08,23.0,2,3,5,Profitable
Aluminum Screw Posts,354.032,41.202,11,0.43636363636363634,11.637931034482758,3,2,5,Profitable
AmazonBasics 3-Button USB Wired Mouse,88.074,32.2938,5,0.08,36.666666666666664,1,2,3,Risky
American Pencil,48.93,14.189699999999998,6,0.0,28.999999999999996,1,2,3,Risky
Ames Color-File Green Diamond Border X-ray Mailers,1360.476,559.3068000000001,4,0.05,41.111111111111114,4,4,8,Star Product
Ampad #10 Peel & Seel Holiday Envelopes,53.760000000000005,25.8048,3,0.0,48.0,1,2,3,Risky
"Ampad Evidence Wirebond Steno Books, 6"" x 9""",27.468,11.2924,4,0.1,41.111111111111114,1,2,3,Risky
"Ampad Gold Fibre Wirebound Steno Books, 6"" x 9"", Gregg Ruled",106.72200000000001,47.187,8,0.05,44.21487603305784,2,3,5,Profitable
"Ampad Phone Message Book, Recycled, 400 Message Capacity, 5 ¾” x 11”",124.8,56.16,5,0.0,44.99999999999999,2,3,5,Profitable
"Ampad Poly Cover Wirebound Steno Book, 6"" x 9"" Assorted Colors, Gregg Ruled",38.135999999999996,15.663,4,0.05,41.07142857142858,1,2,3,Risky
Anderson Hickey Conga Table Tops & Accessories,51.782,-17.514499999999998,2,0.30000000000000004,-33.8235294117647,1,1,2,Loss Maker
"Angle-D Binders with Locking Rings, Label Holders",197.82999999999998,35.332,10,0.32999999999999996,17.85977859778598,2,2,4,Risky
Angle-D Ring Binders,39.384,-1.9691999999999992,6,0.5333333333333333,-4.999999999999998,1,1,2,Loss Maker
Anker 24W Portable Micro USB Car Charger,61.544,14.0672,2,0.30000000000000004,22.857142857142858,1,2,3,Risky
Anker 36W 4-Port USB Wall Charger Travel Power Adapter for iPhone 5s 5c 5,339.83,23.1884,6,0.23333333333333336,6.8235294117647065,3,2,5,Profitable
Anker Astro 15000mAh USB Portable Charger,599.88,-23.995199999999997,5,0.08,-3.9999999999999996,3,1,4,Risky
Anker Astro Mini 3000mAh Ultra-Compact Portable Charger,147.926,-31.984,4,0.2,-21.621621621621625,2,1,3,Risky
Anker Ultra-Slim Mini Bluetooth 3.0 Wireless Keyboard,499.75,99.55019999999999,5,0.08,19.919999999999998,3,3,6,Profitable
Anker Ultrathin Bluetooth Wireless Keyboard Aluminum Cover with Stand ,491.836,32.989000000000004,4,0.05,6.707317073170732,3,2,5,Profitable
Apple EarPods with Remote and Mic,251.91,50.382,4,0.1,20.0,2,3,5,Profitable
Apple iPhone 5,12996.600000000002,1611.5784,6,0.20000000000000004,12.399999999999999,4,4,8,Star Product
Apple iPhone 5C,1339.866,229.977,4,0.15000000000000002,17.16417910447761,4,4,8,Star Product
Apple iPhone 5S,4901.914000000001,512.991,4,0.2,10.465116279069765,4,4,8,Star Product
Array Memo Cubes,54.908,25.848200000000002,3,0.06666666666666667,47.075471698113205,1,2,3,Risky
"Array Parchment Paper, Assorted Colors",106.288,49.504000000000005,4,0.05,46.57534246575344,2,3,5,Profitable
Artistic Insta-Plaque,156.8,61.152,3,0.0,38.99999999999999,2,3,5,Profitable
Assorted Color Push Pins,34.39,8.923300000000001,8,0.1,25.947368421052637,1,1,2,Loss Maker
Astroparche Fine Business Paper,144.672,65.0496,6,0.06666666666666667,44.96350364963504,2,3,5,Profitable
"Ativa D5772 2-Line 5.8GHz Digital Expandable Corded/Cordless Phone System with Answering & Caller ID/Call Waiting, Black/Silver",1979.88,593.964,4,0.0,30.0,4,4,8,Star Product
Ativa MDM8000 8-Sheet Micro-Cut Shredder,917.8979999999999,393.2563,2,0.1,42.84313725490196,3,4,7,Star Product
Ativa V4110MDD Micro-Cut Shredder,7699.89,3772.9461,2,0.0,49.0,4,4,8,Star Product
"Atlantic Metals Mobile 2-Shelf Bookcases, Custom Colors",400.0268,-113.2606,2,0.51,-28.313253012048197,3,1,4,Risky
"Atlantic Metals Mobile 3-Shelf Bookcases, Custom Colors",7539.7122,780.3302,8,0.18375,10.349601938386984,4,4,8,Star Product
"Atlantic Metals Mobile 4-Shelf Bookcases, Custom Colors",5184.081,-126.44099999999996,6,0.26666666666666666,-2.4390243902439015,4,1,5,Profitable
"Atlantic Metals Mobile 5-Shelf Bookcases, Custom Colors",5492.885,15.049,8,0.31625,0.273972602739726,4,2,6,Profitable
Avanti 1.7 Cu. Ft. Refrigerator,2221.56,476.6256,4,0.1,21.454545454545457,4,4,8,Star Product
Avanti 4.4 Cu. Ft. Refrigerator,3511.012,383.6776,7,0.14285714285714285,10.92783505154639,4,4,8,Star Product
Avaya 4621SW VoIP phone,709.92,79.866,4,0.2,11.25,3,3,6,Profitable
Avaya 5410 Digital phone,625.508,-10.878400000000003,4,0.30000000000000004,-1.739130434782609,3,1,4,Risky
Avaya 5420 Digital phone,1538.886,323.976,3,0.06666666666666667,21.05263157894737,4,4,8,Star Product
Avaya IP Phone 1140E VoIP phone,1394.95,362.687,1,0.0,26.0,4,4,8,Star Product
"Avery 05222 Permanent Self-Adhesive File Folder Labels for Typewriters, on Rolls, White, 250/Roll",20.65,9.498999999999999,2,0.0,46.0,1,1,2,Loss Maker
"Avery 3 1/2"" Diskette Storage Pages, 10/Pack",137.808,-14.4072,6,0.3833333333333333,-10.454545454545455,2,1,3,Risky
"Avery 4027 File Folder Labels for Dot Matrix Printers, 5000 Labels per Box, White",1233.412,524.5054,11,0.09090909090909091,42.524752475247524,4,4,8,Star Product
Avery 473,248.4,119.232,6,0.0,48.0,2,3,5,Profitable
Avery 474,78.336,34.272,9,0.1111111111111111,43.75,1,2,3,Risky
Avery 475,266.4,133.2,4,0.0,50.0,2,3,5,Profitable
Avery 476,137.11599999999999,54.5986,10,0.08,39.81927710843374,2,3,5,Profitable
Avery 477,573.9639999999999,244.23999999999998,4,0.05,42.5531914893617,3,4,7,Star Product
Avery 478,88.38,43.3062,4,0.0,49.0,1,2,3,Risky
Avery 479,16.704,6.8382,3,0.06666666666666667,40.9375,1,1,2,Loss Maker
Avery 48,90.72,39.69,3,0.06666666666666667,43.75,1,2,3,Risky
Avery 480,89.25,42.45,6,0.03333333333333333,47.563025210084035,1,2,3,Risky
Avery 481,91.168,43.120000000000005,5,0.04,47.2972972972973,1,2,3,Risky
Avery 482,11.56,5.4332,2,0.0,47.0,1,1,2,Loss Maker
Avery 483,83.664,32.569199999999995,6,0.10000000000000002,38.92857142857142,1,2,3,Risky
Avery 484,9.216,3.3408,1,0.2,36.25000000000001,1,1,2,Loss Maker
Avery 485,639.03,300.3441,8,0.0,47.00000000000001,3,4,7,Star Product
Avery 486,168.13,75.1468,9,0.044444444444444446,44.69565217391304,2,3,5,Profitable
Avery 487,84.87,35.9775,7,0.05714285714285715,42.39130434782608,1,2,3,Risky
Avery 488,51.03,23.183999999999997,6,0.06666666666666667,45.432098765432094,1,2,3,Risky
Avery 489,159.39,73.278,5,0.04,45.974025974025984,2,3,5,Profitable
Avery 49,66.816,31.564799999999998,6,0.03333333333333333,47.241379310344826,1,2,3,Risky
Avery 490,177.6,81.4,5,0.08,45.833333333333336,2,3,5,Profitable
Avery 491,45.43,18.6676,3,0.13333333333333333,41.090909090909086,1,2,3,Risky
Avery 492,53.568,22.464,5,0.08,41.935483870967744,1,2,3,Risky
Avery 493,55.974000000000004,23.4207,4,0.1,41.84210526315789,1,2,3,Risky
Avery 494,56.376,23.959799999999998,6,0.10000000000000002,42.5,1,2,3,Risky
Avery 495,97.02,42.588,4,0.05,43.8961038961039,1,2,3,Risky
Avery 496,50.25,22.950000000000003,4,0.1,45.671641791044784,1,2,3,Risky
Avery 497,24.023999999999997,11.211200000000002,2,0.1,46.66666666666668,1,2,3,Risky
Avery 498,35.258,15.3459,3,0.06666666666666667,43.52459016393443,1,2,3,Risky
Avery 499,176.292,68.724,11,0.10909090909090911,38.983050847457626,2,3,5,Profitable
Avery 5,5.76,2.8224,1,0.0,49.00000000000001,1,1,2,Loss Maker
Avery 50,235.564,102.74600000000001,5,0.04,43.61702127659575,2,3,5,Profitable
Avery 500,58.48,27.4856,2,0.0,47.0,1,2,3,Risky
Avery 501,66.42,23.3946,8,0.17500000000000002,35.22222222222222,1,2,3,Risky
Avery 502,17.64,6.1739999999999995,3,0.20000000000000004,35.0,1,1,2,Loss Maker
Avery 503,155.25,74.52,4,0.0,48.0,2,3,5,Profitable
Avery 505,372.96000000000004,165.76000000000002,7,0.1142857142857143,44.44444444444445,3,4,7,Star Product
Avery 506,66.08,28.166600000000003,3,0.06666666666666667,42.62500000000001,1,2,3,Risky
Avery 507,24.192,8.64,2,0.1,35.714285714285715,1,1,2,Loss Maker
Avery 508,87.398,39.8201,6,0.06666666666666667,45.561797752808985,1,2,3,Risky
Avery 509,32.364000000000004,14.041799999999999,4,0.05,43.38709677419354,1,2,3,Risky
Avery 51,95.75999999999999,41.328,5,0.04,43.15789473684211,1,2,3,Risky
Avery 510,21.75,8.100000000000001,3,0.13333333333333333,37.24137931034483,1,1,2,Loss Maker
Avery 511,56.672,24.64,6,0.10000000000000002,43.47826086956522,1,2,3,Risky
Avery 512,84.388,35.373599999999996,5,0.08,41.91780821917808,1,2,3,Risky
Avery 513,93.624,34.4616,5,0.08,36.80851063829787,1,2,3,Risky
Avery 514,47.808,22.8384,4,0.05,47.77108433734939,1,2,3,Risky
Avery 515,62.650000000000006,29.445500000000003,2,0.0,47.0,1,2,3,Risky
Avery 516,109.64999999999999,51.535500000000006,4,0.0,47.00000000000001,2,3,5,Profitable
Avery 517,44.28,18.8559,4,0.05,42.58333333333333,1,2,3,Risky
Avery 518,106.47,49.14,8,0.05,46.15384615384615,2,3,5,Profitable
Avery 519,121.34599999999999,51.6086,6,0.06666666666666667,42.53012048192772,2,3,5,Profitable
Avery 52,68.634,31.475699999999996,6,0.03333333333333333,45.86021505376344,1,2,3,Risky
Avery 520,46.620000000000005,22.05,5,0.04,47.29729729729729,1,2,3,Risky
"Avery Address/Shipping Labels for Typewriters, 4"" x 2""",277.38,126.684,7,0.05714285714285715,45.67164179104478,2,3,5,Profitable
Avery Arch Ring Binders,1318.87,87.15000000000003,10,0.39,6.607929515418505,4,3,7,Star Product
Avery Binder Labels,26.063,9.8806,4,0.22499999999999998,37.91044776119403,1,1,2,Loss Maker
Avery Binding System Hidden Tab Executive Style Index Sets,91.743,16.733,8,0.3625,18.238993710691826,1,2,3,Risky
Avery Durable Binders,87.264,13.824,12,0.3333333333333333,15.841584158415841,1,2,3,Risky
"Avery Durable Plastic 1"" Binders",116.224,37.5004,7,0.32857142857142857,32.265625,2,2,4,Risky
Avery Durable Poly Binders,82.95,-15.5946,6,0.5333333333333333,-18.8,1,1,2,Loss Maker
Avery Durable Slant Ring Binders,51.480000000000004,-23.76,5,0.6199999999999999,-46.15384615384615,1,1,2,Loss Maker
Avery Durable Slant Ring Binders With Label Holder,90.706,12.456400000000002,9,0.4888888888888888,13.732718894009219,1,2,3,Risky
"Avery Durable Slant Ring Binders, No Labels",89.55,13.611600000000001,9,0.36666666666666664,15.200000000000003,1,2,3,Risky
Avery File Folder Labels,113.472,48.8448,13,0.1076923076923077,43.045685279187815,2,3,5,Profitable
"Avery Flip-Chart Easel Binder, Black",239.466,37.8222,4,0.425,15.794392523364486,2,2,4,Risky
Avery Fluorescent Highlighter Four-Color Set,65.464,9.352,8,0.17500000000000002,14.285714285714288,1,1,2,Loss Maker
"Avery Framed View Binder, EZD Ring (Locking), Navy, 1 1/2""",99.80000000000001,-0.698599999999999,6,0.45,-0.6999999999999988,2,1,3,Risky
Avery Hanging File Binders,105.846,21.8868,6,0.25,20.677966101694917,2,2,4,Risky
Avery Heavy-Duty EZD  Binder With Locking Rings,110.48400000000001,29.239199999999997,6,0.21666666666666665,26.464646464646457,2,2,4,Risky
Avery Heavy-Duty EZD View Binder with Locking Rings,170.984,29.730800000000002,10,0.35,17.388059701492537,2,2,4,Risky
"Avery Hi-Liter Comfort Grip Fluorescent Highlighter, Yellow Ink",7.8,3.042,2,0.0,38.99999999999999,1,1,2,Loss Maker
"Avery Hi-Liter EverBold Pen Style Fluorescent Highlighters, 4/Pack",219.78,68.376,6,0.10000000000000002,31.11111111111111,2,3,5,Profitable
Avery Hi-Liter Fluorescent Desk Style Markers,20.279999999999998,7.5036000000000005,2,0.0,37.00000000000001,1,1,2,Loss Maker
"Avery Hi-Liter GlideStik Fluorescent Highlighter, Yellow Ink",26.08,9.6496,2,0.1,37.0,1,1,2,Loss Maker
Avery Hi-Liter Pen Style Six-Color Fluorescent Set,7.7,3.157,1,0.0,41.0,1,1,2,Loss Maker
Avery Hi-Liter Smear-Safe Highlighters,123.80799999999999,34.1056,6,0.10000000000000002,27.54716981132076,2,2,4,Risky
Avery Hidden Tab Dividers for Binding Systems,31.588,-7.032800000000001,7,0.6142857142857142,-22.264150943396228,1,1,2,Loss Maker
Avery Hole Reinforcements,116.501,14.827399999999999,9,0.41111111111111115,12.727272727272727,2,2,4,Risky
Avery Legal 4-Ring Binder,258.054,90.214,4,0.325,34.959349593495936,2,3,5,Profitable
Avery Metallic Poly Binders,135.80100000000002,43.4334,6,0.3,31.983122362869192,2,2,4,Risky
Avery Non-Stick Binders,217.316,43.553,20,0.33999999999999997,20.041322314049587,2,2,4,Risky
Avery Non-Stick Heavy Duty View Round Locking Ring Binders,68.172,30.8568,3,0.06666666666666667,45.26315789473684,1,2,3,Risky
Avery Personal Creations Heavyweight Cards,103.86,37.8512,3,0.13333333333333333,36.44444444444444,2,2,4,Risky
Avery Poly Binder Pockets,78.044,14.749600000000001,8,0.25,18.89908256880734,1,2,3,Risky
Avery Premier Heavy-Duty Binder with Round Locking Rings,191.352,29.416800000000002,7,0.3428571428571429,15.37313432835821,2,2,4,Risky
Avery Printable Repositionable Plastic Tabs,115.24000000000001,42.312000000000005,6,0.23333333333333336,36.71641791044776,2,2,4,Risky
Avery Recycled Flexi-View Covers for Binding Systems,197.169,-69.5702,7,0.5285714285714286,-35.28455284552845,2,1,3,Risky
Avery Reinforcements for Hole-Punch Pages,28.512,-16.137,8,0.575,-56.59722222222222,1,1,2,Loss Maker
Avery Round Ring Poly Binders,36.919999999999995,12.2972,6,0.3,33.307692307692314,1,2,3,Risky
Avery Self-Adhesive Photo Pockets for Polaroid Photos,143.01,-2.1791999999999967,11,0.5363636363636364,-1.5238095238095215,2,1,3,Risky
"Avery Trapezoid Extra Heavy Duty 4"" Binders",314.54999999999995,0.0,4,0.44999999999999996,0.0,2,1,3,Risky
"Avery Trapezoid Ring Binder, 3"" Capacity, Black, 1040 sheets",545.034,85.2384,7,0.5,15.639097744360903,3,3,6,Profitable
"Avery Triangle Shaped Sheet Lifters, Black, 2/Pack",25.83,-4.919999999999999,6,0.6166666666666667,-19.047619047619044,1,1,2,Loss Maker
Avery White Multi-Purpose Labels,95.616,41.832,4,0.05,43.75,1,2,3,Risky
Avoid Verbal Orders Carbonless Minifold Book,68.276,29.9468,5,0.04,43.86138613861386,1,2,3,Risky
BIC Brite Liner Grip Highlighters,24.272,8.938,5,0.08,36.82432432432433,1,1,2,Loss Maker
"BIC Brite Liner Grip Highlighters, Assorted, 5/Pack",118.72,43.7144,6,0.06666666666666667,36.82142857142857,2,2,4,Risky
BIC Brite Liner Highlighters,86.112,30.8844,7,0.08571428571428573,35.86538461538461,1,2,3,Risky
"BIC Brite Liner Highlighters, Chisel Tip",123.12,30.5856,6,0.10000000000000002,24.842105263157894,2,2,4,Risky
BIC Liqua Brite Liner,173.5,53.576800000000006,6,0.06666666666666667,30.880000000000003,2,3,5,Profitable
"BOSTON Model 1800 Electric Pencil Sharpeners, Putty/Woodgrain",496.248,113.274,6,0.06666666666666667,22.826086956521742,3,3,6,Profitable
"BOSTON Ranger #55 Pencil Sharpener, Black",618.562,120.3337,9,0.08888888888888889,19.45378151260504,3,3,6,Profitable
BPI Conference Tables,2241.8675,-795.9725,5,0.37,-35.50488599348534,4,1,5,Profitable
Bady BDG101FRU Card Printer,9279.884,1327.9834,4,0.2,14.310344827586208,4,4,8,Star Product
Bagged Rubber Bands,25.704,0.3024,5,0.04,1.1764705882352942,1,1,2,Loss Maker
Balt Solid Wood Rectangular Table,828.0965,-216.2545,4,0.2625,-26.11464968152866,3,1,4,Risky
Balt Solid Wood Round Tables,6518.754,-1201.0581,4,0.2,-18.424657534246574,4,1,5,Profitable
Balt Split Level Computer Training Table,1040.625,-357.97499999999997,5,0.38,-34.4,3,1,4,Risky
Barrel Sharpener,67.83000000000001,17.6358,4,0.0,25.999999999999996,1,2,3,Risky
"Barricks 18"" x 48"" Non-Folding Utility Table with Bottom Storage Shelf",1088.64,-104.832,5,0.32,-9.629629629629628,3,1,4,Risky
"Barricks Non-Folding Utility Table with Steel Legs, Laminate Tops",136.464,15.3522,1,0.2,11.25,2,2,4,Risky
"Belkin 19"" Center-Weighted Shelf, Gray",849.3119999999999,-47.184,4,0.1,-5.555555555555556,3,1,4,Risky
"Belkin 19"" Vented Equipment Shelf, Black",1400.256,-179.6652,10,0.12000000000000002,-12.830882352941176,4,1,5,Profitable
"Belkin 325VA UPS Surge Protector, 6'",1379.172,199.61700000000002,4,0.1,14.473684210526317,4,4,8,Star Product
Belkin 5 Outlet SurgeMaster Power Centers,1776.048,207.024,10,0.14,11.656441717791411,4,4,8,Star Product
Belkin 6 Outlet Metallic Surge Strip,262.449,28.749599999999997,9,0.16666666666666666,10.954356846473027,2,2,4,Risky
Belkin 7 Outlet SurgeMaster II,631.68,176.8704,3,0.0,28.000000000000004,3,4,7,Star Product
Belkin 7 Outlet SurgeMaster Surge Protector with Phone Protection,157.92,17.766,1,0.2,11.25,2,2,4,Risky
Belkin 7-Outlet SurgeMaster Home Series,106.172,2.794,5,0.24000000000000005,2.6315789473684212,2,1,3,Risky
Belkin 8 Outlet Surge Protector,1073.676,188.508,7,0.14285714285714285,17.55725190839695,3,4,7,Star Product
Belkin 8 Outlet SurgeMaster II Gold Surge Protector,737.754,89.97,5,0.22000000000000003,12.195121951219512,3,3,6,Profitable
Belkin 8 Outlet SurgeMaster II Gold Surge Protector with Phone Protection,647.84,168.4384,1,0.0,26.0,3,4,7,Star Product
Belkin 8-Outlet Premiere SurgeMaster II Surge Protectors,277.92,83.376,2,0.0,30.0,2,3,5,Profitable
Belkin F5C206VTEL 6 Outlet Surge,464.196,110.304,7,0.05714285714285715,23.762376237623762,3,3,6,Profitable
Belkin F8E887 USB Wired Ergonomic Keyboard,563.812,66.2779,8,0.1,11.75531914893617,3,3,6,Profitable
Belkin F9G930V10-GRY 9 Outlet Surge,770.112,162.57920000000001,5,0.16,21.111111111111114,3,4,7,Star Product
Belkin F9H710-06 7 Outlet SurgeMaster Surge Protector,516.216,122.8368,8,0.07500000000000001,23.795620437956202,3,3,6,Profitable
Belkin F9M820V08 8 Outlet Surge,558.74,101.003,3,0.13333333333333333,18.076923076923077,3,3,6,Profitable
Belkin F9S820V06 8 Outlet Surge,266.336,-120.17599999999999,4,0.4,-45.12195121951219,2,1,3,Risky
Belkin Grip Candy Sheer Case / Cover for iPhone 5 and 5S,64.972,12.994399999999999,3,0.06666666666666667,20.0,1,2,3,Risky
Belkin OmniView SE Rackmount Kit,248.35999999999999,0.0,2,0.0,0.0,2,1,3,Risky
Belkin Premiere Surge Master II 8-outlet surge protector,952.168,55.38120000000001,7,0.27142857142857146,5.816326530612245,3,3,6,Profitable
Belkin QODE FastFit Bluetooth Keyboard,495.6,16.107,2,0.1,3.2499999999999996,3,2,5,Profitable
"Belkin SportFit Armband For iPhone 5s/5c, Fuchsia",239.84,79.29709999999999,5,0.2,33.06249999999999,2,3,5,Profitable
Belkin Standard 104 key USB Keyboard,265.538,5.1065000000000005,6,0.16666666666666666,1.9230769230769231,2,1,3,Risky
Belkin iPhone and iPad Lightning Cable,83.944,6.2958,2,0.2,7.5,1,1,2,Loss Maker
Berol Giant Pencil Sharpener,254.85000000000002,49.780699999999996,4,0.1,19.53333333333333,2,3,5,Profitable
Bestar Classic Bookcase,1897.8102,-612.9386999999999,8,0.315,-32.29715489989463,4,1,5,Profitable
Bevis 36 x 72 Conference Tables,4332.252,448.164,8,0.1625,10.344827586206895,4,4,8,Star Product
Bevis 44 x 96 Conference Tables,3253.2200000000003,-164.72000000000003,5,0.18,-5.063291139240507,4,1,5,Profitable
Bevis Boat-Shaped Conference Table,2542.467,-445.587,6,0.31666666666666665,-17.525773195876287,4,1,5,Profitable
"Bevis Oval Conference Table, Walnut",6942.068,-856.0144,8,0.275,-12.330827067669173,4,1,5,Profitable
Bevis Rectangular Conference Tables,1007.262,-586.8396,4,0.475,-58.2608695652174,3,1,4,Risky
"Bevis Round Bullnose 29"" High Table Top",4544.925,-192.18540000000002,5,0.26,-4.228571428571429,4,1,5,Profitable
Bevis Round Conference Room Tables and Bases,519.941,-39.4438,2,0.25,-7.586206896551724,3,1,4,Risky
Bevis Round Conference Table Top & Single Column Base,2297.538,100.97460000000001,5,0.22000000000000003,4.3949044585987265,4,3,7,Star Product
"Bevis Round Conference Table Top, X-Base",2671.421,-519.941,6,0.26666666666666666,-19.46308724832215,4,1,5,Profitable
Bevis Steel Folding Chairs,1775.075,117.059,6,0.21666666666666667,6.594594594594594,4,3,7,Star Product
"Bevis Traditional Conference Table Top, Plinth Base",2033.496,-456.7032,3,0.3333333333333333,-22.45901639344262,4,1,5,Profitable
Binder Clips by OIC,36.112,15.3328,7,0.1142857142857143,42.459016393442624,1,2,3,Risky
Binder Posts,57.4,7.8064,6,0.45,13.600000000000001,1,1,2,Loss Maker
Binding Machine Supplies,667.9929999999999,182.6042,9,0.18888888888888888,27.336244541484717,3,4,7,Star Product
"Binney & Smith Crayola Metallic Colored Pencils, 8-Color Set",88.896,26.854,7,0.05714285714285715,30.208333333333332,1,2,3,Risky
"Binney & Smith Crayola Metallic Crayons, 16-Color Pack",16.176000000000002,6.739999999999999,2,0.1,41.66666666666666,1,1,2,Loss Maker
"Binney & Smith inkTank Desk Highlighter, Chisel Tip, Yellow, 12/Box",45.15,13.459,5,0.08,29.809523809523807,1,2,3,Risky
"Binney & Smith inkTank Erasable Desk Highlighter, Chisel Tip, Yellow, 12/Box",17.64,5.7456000000000005,3,0.13333333333333333,32.57142857142858,1,1,2,Loss Maker
"Binney & Smith inkTank Erasable Pocket Highlighter, Chisel Tip, Yellow",25.992,10.6704,3,0.06666666666666667,41.05263157894737,1,2,3,Risky
Bionaire 99.97% HEPA Air Cleaner,199.72799999999998,17.52,4,0.25,8.771929824561404,2,2,4,Risky
Bionaire Personal Warm Mist Humidifier/Vaporizer,515.79,201.1581,3,0.0,39.0,3,4,7,Star Product
Black & Decker Filter for Double Action Dustbuster Cordless Vac BLDV7210,229.88600000000002,53.696,6,0.03333333333333333,23.35766423357664,2,3,5,Profitable
"Black Avery Memo-Size 3-Ring Binder, 5 1/2"" x 8 1/2""",45.507999999999996,15.560799999999999,4,0.27499999999999997,34.193548387096776,1,2,3,Risky
"Black Print Carbonless 8 1/2"" x 8 1/4"" Rapid Memo Book",64.06400000000001,20.8208,4,0.2,32.49999999999999,1,2,3,Risky
"Black Print Carbonless Snap-Off Rapid Letter, 8 1/2"" x 7""",160.336,65.1365,4,0.05,40.62499999999999,2,3,5,Profitable
BlackBerry Q10,3099.354,548.0565,6,0.06666666666666667,17.682926829268293,4,4,8,Star Product
Blackstonian Pencils,49.128,12.6024,4,0.05,25.652173913043473,1,2,3,Risky
Blue Parrot B250XT Professional Grade Wireless Bluetooth Headset with,1229.836,127.483,4,0.25,10.365853658536587,4,3,7,Star Product
"Blue String-Tie & Button Interoffice Envelopes, 10 x 13",783.608,299.85,7,0.08571428571428573,38.26530612244898,3,4,7,Star Product
"BlueLounge Milo Smartphone Stand, White/Metallic",335.888,76.7744,3,0.06666666666666667,22.857142857142858,3,3,6,Profitable
Bose SoundLink Bluetooth Speaker,2865.6,967.14,5,0.2,33.75,4,4,8,Star Product
Boston 1645 Deluxe Heavier-Duty Electric Pencil Sharpener,1073.112,206.26620000000003,7,0.1142857142857143,19.221311475409834,3,4,7,Star Product
Boston 16701 Slimline Battery Pencil Sharpener,86.076,19.128,2,0.1,22.222222222222225,1,2,3,Risky
Boston 16750 Black Compact Battery Pencil Sharpener,43.75,13.125,2,0.0,30.0,1,2,3,Risky
Boston 16765 Mini Stand Up Battery Pencil Sharpener,102.608,16.324,4,0.1,15.909090909090908,2,2,4,Risky
Boston 16801 Nautilus Battery Pencil Sharpener,444.60200000000003,69.9918,6,0.10000000000000002,15.74257425742574,3,3,6,Profitable
Boston 1730 StandUp Electric Pencil Sharpener,171.04,44.4704,3,0.0,26.0,2,2,4,Risky
Boston 1799 Powerhouse Electric Pencil Sharpener,389.70000000000005,109.116,3,0.0,27.999999999999996,3,3,6,Profitable
"Boston 1827 Commercial Additional Cutter, Drive Gear & Gear Rack for 1606",59.489999999999995,17.847,2,0.0,30.000000000000004,1,2,3,Risky
Boston 1900 Electric Pencil Sharpener,14.98,4.494,1,0.0,30.0,1,1,2,Loss Maker
Boston 19500 Mighty Mite Electric Pencil Sharpener,342.55,92.4885,4,0.0,27.0,3,3,6,Profitable
"Boston Electric Pencil Sharpener, Model 1818, Charcoal Black",523.59,118.22999999999999,8,0.07500000000000001,22.58064516129032,3,3,6,Profitable
Boston Heavy-Duty Trimline Electric Pencil Sharpeners,1166.44,310.89,5,0.04,26.65289256198347,3,4,7,Star Product
Boston Home & Office Model 2000 Electric Pencil Sharpeners,297.99,70.477,6,0.03333333333333333,23.65079365079365,2,3,5,Profitable
Boston KS Multi-Size Manual Pencil Sharpener,533.3679999999999,119.548,7,0.05714285714285715,22.413793103448278,3,3,6,Profitable
"Boston Model 1800 Electric Pencil Sharpener, Gray",405.36,109.785,3,0.06666666666666667,27.083333333333332,3,3,6,Profitable
"Boston School Pro Electric Pencil Sharpener, 1670",873.636,149.9432,7,0.1142857142857143,17.163120567375888,3,4,7,Star Product
BoxOffice By Design Rectangular and Half-Moon Meeting Room Tables,1706.25,-1148.4375,3,0.48333333333333334,-67.3076923076923,4,1,5,Profitable
"Bravo II Megaboss 12-Amp Hard Body Upright, Replacement Belts, 2 Belts per Pack",87.75,20.8325,5,0.12000000000000002,23.74074074074074,1,2,3,Risky
Bretford CR4500 Series Slim Rectangular Table,7242.768,-532.7613,8,0.2625,-7.355769230769231,4,1,5,Profitable
Bretford CR8500 Series Meeting Room Furniture,6776.562000000001,461.127,6,0.18333333333333335,6.80473372781065,4,4,8,Star Product
Bretford Rectangular Conference Table Tops,12995.2915,-327.2331,12,0.24583333333333335,-2.5180897250361793,4,1,5,Profitable
Bretford “Just In Time” Height-Adjustable Multi-Task Work Tables,5634.9,-964.194,4,0.225,-17.11111111111111,4,1,5,Profitable
"Brites Rubber Bands, 1 1/2 oz. Box",13.068000000000001,-0.5147999999999999,3,0.06666666666666667,-3.9393939393939386,1,1,2,Loss Maker
Brother DCP1000 Digital 3 in 1 Multifunction Machine,4859.838,1154.9615000000001,7,0.14285714285714285,23.765432098765434,4,4,8,Star Product
"Brother MFC-9340CDW LED All-In-One Printer, Copier Scanner",341.991,-319.1916,1,0.7,-93.33333333333333,3,1,4,Risky
Brown Kraft Recycled Envelopes,244.512,117.16199999999999,5,0.04,47.916666666666664,2,3,5,Profitable
Bulldog Table or Wall-Mount Pencil Sharpener,77.87,22.582299999999996,3,0.0,28.999999999999993,1,2,3,Risky
Bulldog Vacuum Base Pencil Sharpener,330.924,59.5903,6,0.10000000000000002,18.007246376811594,3,3,6,Profitable
Bush Advantage Collection Racetrack Conference Table,9544.725,-1934.3976,7,0.35000000000000003,-20.266666666666666,4,1,5,Profitable
Bush Advantage Collection Round Conference Table,3401.6000000000004,210.47400000000002,4,0.2375,6.1875,4,4,8,Star Product
"Bush Andora Bookcase, Maple/Graphite Gray Finish",3317.7235,135.58870000000002,9,0.16666666666666666,4.0867992766726955,4,3,7,Star Product
"Bush Andora Conference Table, Maple/Graphite Gray Finish",1436.232,-143.6232,4,0.3,-10.0,4,1,5,Profitable
"Bush Birmingham Collection Bookcase, Dark Cherry",825.174,-117.882,1,0.3,-14.285714285714288,3,1,4,Risky
"Bush Cubix Collection Bookcases, Fully Assembled",729.2339999999999,48.6156,3,0.2333333333333333,6.666666666666668,3,3,6,Profitable
"Bush Cubix Conference Tables, Fully Assembled",3603.288,311.82300000000004,4,0.2,8.653846153846155,4,4,8,Star Product
"Bush Heritage Pine Collection 5-Shelf Bookcase, Albany Pine Finish, *Special Order",3626.0056,-208.6504,8,0.23375,-5.7542768273716955,4,1,5,Profitable
Bush Mission Pointe Library,748.8608,24.156800000000004,3,0.17333333333333334,3.225806451612904,3,2,5,Profitable
"Bush Saratoga Collection 5-Shelf Bookcase, Hanover Cherry, *Special Order",119.833,-12.6882,1,0.15,-10.588235294117647,2,1,3,Risky
Bush Somerset Collection Bookcase,1263.9569999999999,-56.3214,4,0.21250000000000002,-4.455958549222798,4,1,5,Profitable
"Bush Westfield Collection Bookcases, Dark Cherry Finish",649.376,-97.4064,3,0.2333333333333333,-15.000000000000002,3,1,4,Risky
"Bush Westfield Collection Bookcases, Dark Cherry Finish, Fully Assembled",90.882,-190.8522,1,0.7,-210.0,1,1,2,Loss Maker
"Bush Westfield Collection Bookcases, Fully Assembled",1473.2982000000002,73.71539999999999,6,0.19499999999999998,5.003427004797805,4,3,7,Star Product
"Bush Westfield Collection Bookcases, Medium Cherry Finish",1426.8878,-20.293,9,0.23000000000000004,-1.4221861032100773,4,1,5,Profitable
C-Line Cubicle Keepers Polyproplyene Holder With Velcro Backings,137.17,47.7257,8,0.125,34.79310344827587,2,3,5,Profitable
"C-Line Cubicle Keepers Polyproplyene Holder w/Velcro Back, 8-1/2x11, 25/Bx",514.556,23.53819999999999,4,0.15,4.57446808510638,3,2,5,Profitable
"C-Line Magnetic Cubicle Keepers, Clear Polypropylene",136.344,56.1184,7,0.028571428571428574,41.15942028985508,2,3,5,Profitable
"C-Line Peel & Stick Add-On Filing Pockets, 8-3/4 x 5-1/8, 10/Pack",85.995,15.0969,4,0.39999999999999997,17.555555555555554,1,2,3,Risky
Cameo Buff Policy Envelopes,1555.75,632.2568,8,0.1,40.64,4,4,8,Star Product
"Canon Color ImageCLASS MF8580Cdw Wireless Laser All-In-One Printer, Copier, Scanner",1007.979,43.1991,1,0.3,4.285714285714286,3,2,5,Profitable
Canon Image Class D660 Copier,3959.9339999999997,1691.9718,2,0.1,42.727272727272734,4,4,8,Star Product
Canon Imageclass D680 Copier / Fax,8959.872,2799.96,5,0.2,31.25,4,4,8,Star Product
Canon PC-428 Personal Copier,4119.794,1469.9265,6,0.20000000000000004,35.67961165048544,4,4,8,Star Product
Canon PC1060 Personal Laser Copier,11619.833999999999,4570.9347,4,0.15000000000000002,39.337349397590366,4,4,8,Star Product
Canon PC1080F Personal Copier,5999.9,1973.9670999999998,4,0.05,32.9,4,4,8,Star Product
Canon PC170 Desktop Personal Copier,575.82,67.179,2,0.4,11.666666666666666,3,3,6,Profitable
Canon PC940 Copier,5669.874,2092.4535,3,0.20000000000000004,36.904761904761905,4,4,8,Star Product
Canon imageCLASS 2200 Advanced Copier,61599.824,25199.928,5,0.12000000000000002,40.90909090909091,4,4,8,Star Product
Canon imageCLASS MF7460 Monochrome Digital Laser Multifunction Copier,3991.98,1995.99,1,0.0,50.0,4,4,8,Star Product
Canvas Sectional Post Binders,422.63599999999997,59.06720000000001,6,0.3333333333333333,13.975903614457835,3,3,6,Profitable
Cardinal EasyOpen D-Ring Binders,209.30599999999998,26.506000000000004,8,0.25,12.663755458515286,2,2,4,Risky
"Cardinal HOLDit! Binder Insert Strips,Extra Strips",136.728,4.367700000000001,9,0.4555555555555555,3.194444444444445,2,1,3,Risky
Cardinal Hold-It CD Pocket,38.304,-12.4488,4,0.5,-32.5,1,1,2,Loss Maker
Cardinal Holdit Business Card Pockets,87.648,22.908,8,0.2375,26.13636363636364,1,2,3,Risky
Cardinal Holdit Data Disk Pockets,100.464,38.7296,3,0.13333333333333333,38.55072463768116,2,2,4,Risky
Cardinal Poly Pocket Divider Pockets for Ring Binders,40.32,12.6,4,0.2,31.25,1,2,3,Risky
"Cardinal Slant-D Ring Binder, Heavy Gauge Vinyl",179.014,5.3877999999999995,10,0.41,3.009708737864077,2,1,3,Risky
Cardinal Slant-D Ring Binders,119.922,46.057,5,0.18,38.40579710144928,2,3,5,Profitable
"Career Cubicle Clock, 8 1/4"", Black",194.68800000000002,68.952,3,0.06666666666666667,35.416666666666664,2,3,5,Profitable
"Carina 42""Hx23 3/4""W Media Storage Unit",1635.796,-110.1328,8,0.1,-6.732673267326733,4,1,5,Profitable
Carina Double Wide Media Storage Towers in Natural & Black,3028.652,-3.2392000000000003,12,0.06666666666666667,-0.10695187165775401,4,1,5,Profitable
Carina Media Storage Towers in Natural & Black,1073.248,-121.96000000000001,5,0.12000000000000002,-11.363636363636363,3,1,4,Risky
"Carina Mini System Audio Rack, Model AR050B",2730.108,-68.8076,6,0.06666666666666667,-2.5203252032520322,4,1,5,Profitable
Case Logic 2.4GHz Wireless Keyboard,1229.754,-11.997600000000006,8,0.07500000000000001,-0.9756097560975615,4,1,5,Profitable
Catalog Binders with Expanding Posts,1089.936,-242.20800000000003,8,0.5125,-22.222222222222225,3,1,4,Risky
Cherry 142-key Programmable Keyboard,479.72,52.7692,1,0.0,10.999999999999998,3,3,6,Profitable
"Chromcraft 48"" x 96"" Racetrack Double Pedestal Table",5098.176,-404.00640000000004,6,0.31666666666666665,-7.9245283018867925,4,1,5,Profitable
"Chromcraft Bull-Nose Wood 48"" x 96"" Rectangular Conference Tables",4297.644,-611.5877999999999,6,0.3333333333333333,-14.230769230769228,4,1,5,Profitable
Chromcraft Bull-Nose Wood Oval Conference Tables & Bases,9917.640000000001,-2876.1156,5,0.28,-28.999999999999996,4,1,5,Profitable
"Chromcraft Bull-Nose Wood Round Conference Table Top, Wood Base",3354.89,100.211,6,0.18333333333333335,2.987012987012987,4,3,7,Star Product
Chromcraft Rectangular Conference Tables,4952.673,-450.243,9,0.32222222222222224,-9.090909090909092,4,1,5,Profitable
Chromcraft Round Conference Tables,8209.059,-189.9761,13,0.2576923076923077,-2.3142250530785566,4,1,5,Profitable
Cisco 8961 IP Phone Charcoal,224.937,-164.9538,1,0.7,-73.33333333333333,2,1,3,Risky
Cisco 8x8 Inc. 6753i IP Business Phone System,2645.804,83.6938,6,0.16666666666666666,3.1632653061224487,4,3,7,Star Product
Cisco 9971 IP Video Phone Charcoal,4268.0,466.4,2,0.35,10.927835051546392,4,4,8,Star Product
Cisco CP-7937G Unified IP Conference Station Phone,1391.4,-55.656,2,0.5,-3.9999999999999996,4,1,5,Profitable
Cisco Desktop Collaboration Experience DX650 IP Video Phone,385.8,130.2075,1,0.2,33.75,3,3,6,Profitable
Cisco IP Phone 7961G-GE VoIP phone,2252.4320000000002,-119.119,4,0.35000000000000003,-5.288461538461537,4,1,5,Profitable
Cisco IP Phone 7961G VoIP phone - Dark gray,1386.69,228.39600000000002,3,0.06666666666666667,16.470588235294116,4,4,8,Star Product
Cisco SPA 501G IP Phone,213.48,16.011,1,0.2,7.5,2,2,4,Risky
Cisco SPA 502G IP Phone,2063.14,299.875,5,0.16,14.534883720930234,4,4,8,Star Product
Cisco SPA112 2 Port Phone Adapter,516.53,87.37049999999999,3,0.13333333333333333,16.914893617021278,3,3,6,Profitable
Cisco SPA301,4180.532,904.742,9,0.15555555555555556,21.641791044776117,4,4,8,Star Product
Cisco SPA508G,910.662,207.86849999999998,5,0.12000000000000002,22.82608695652174,3,4,7,Star Product
Cisco SPA525G2 5-Line IP Phone,1379.92,648.5624,1,0.0,47.0,4,4,8,Star Product
Cisco SPA525G2 IP Phone - Wireless,426.93,43.092,5,0.2,10.093457943925232,3,2,5,Profitable
Cisco Small Business SPA 502G VoIP phone,882.102,58.4649,4,0.25,6.627906976744185,3,3,6,Profitable
Cisco TelePresence System EX90 Videoconferencing Unit,22638.48,-1811.0784,1,0.5,-8.0,4,1,5,Profitable
Cisco Unified IP Phone 7945G VoIP phone,6751.602,102.29699999999998,6,0.23333333333333336,1.515151515151515,4,3,7,Star Product
Clarity 53712,752.2860000000001,68.6296,4,0.15000000000000002,9.12280701754386,3,3,6,Profitable
Classic Ivory Antique Telephone ZL1810,341.666,40.196,2,0.1,11.76470588235294,3,2,5,Profitable
Clear Mylar Reinforcing Strips,377.538,90.27269999999999,7,0.41428571428571426,23.910891089108908,3,3,6,Profitable
ClearOne CHATAttach 160 - speaker phone,6695.892,1053.983,4,0.2,15.74074074074074,4,4,8,Star Product
ClearOne Communications CHAT 70 OC Speaker Phone,1685.294,273.4628,4,0.1,16.22641509433962,4,4,8,Star Product
ClearSounds CSC500 Amplified Spirit Phone Corded phone,1119.84,162.3768,6,0.13333333333333333,14.500000000000002,3,4,7,Star Product
Clearsounds A400,488.326,-48.8326,3,0.3333333333333333,-10.0,3,1,4,Risky
Col-Erase Pencils with Erasers,37.696,7.478400000000001,2,0.1,19.83870967741936,1,1,2,Loss Maker
Color-Coded Legal Exhibit Labels,14.73,7.2177,2,0.0,49.0,1,1,2,Loss Maker
Colored Envelopes,50.922,19.0404,5,0.12000000000000002,37.39130434782609,1,2,3,Risky
Colored Push Pins,24.978,7.602,5,0.08,30.434782608695656,1,1,2,Loss Maker
Coloredge Poster Frame,298.2,116.298,6,0.0,39.0,2,3,5,Profitable
Colorific Watercolor Pencils,51.6,11.3004,3,0.06666666666666667,21.9,1,2,3,Risky
"Commercial WindTunnel Clean Air Upright Vacuum, Replacement Belts, Filtration Bags",50.57,1.6338000000000008,7,0.2285714285714286,3.230769230769232,1,1,2,Loss Maker
Compact Automatic Electric Letter Opener,2982.75,-57.268800000000006,8,0.05,-1.9200000000000002,4,1,5,Profitable
"Companion Letter/Legal File, Black",611.712,149.5296,5,0.08,24.444444444444443,3,4,7,Star Product
Computer Printout Index Tabs,11.088000000000001,-2.016,4,0.5,-18.18181818181818,1,1,2,Loss Maker
Computer Printout Paper with Letter-Trim Fine Perforations,191.6,91.968,1,0.0,48.00000000000001,2,3,5,Profitable
Computer Printout Paper with Letter-Trim Perforations,405.95799999999997,169.2124,7,0.08571428571428573,41.68224299065421,3,4,7,Star Product
"Computer Room Manger, 14""",636.6080000000001,179.2896,7,0.14285714285714285,28.163265306122447,3,4,7,Star Product
"Conquest 14 Commercial Heavy-Duty Upright Vacuum, Collection System, Accessory Kit",546.816,61.5168,4,0.2,11.25,3,3,6,Profitable
Contemporary Borderless Frame,36.162,3.6162,2,0.3,10.0,1,1,2,Loss Maker
Contemporary Wood/Metal Frame,193.92,4.847999999999999,4,0.35,2.5,2,1,3,Risky
"Contico 72""H Heavy-Duty Storage System",598.308,-57.372,5,0.08,-9.58904109589041,3,1,4,Risky
"Contract Clock, 14"", Brown",334.096,29.453199999999995,5,0.27999999999999997,8.815789473684209,3,2,5,Profitable
Convenience Packs of Business Envelopes,58.644,24.109199999999998,6,0.10000000000000002,41.11111111111111,1,2,3,Risky
Crate-A-Files,176.58,31.392,7,0.1142857142857143,17.777777777777775,2,2,4,Risky
"Crayola Anti Dust Chalk, 12/Pack",59.696,24.660999999999998,7,0.08571428571428573,41.3109756097561,1,2,3,Risky
Crayola Colored Pencils,120.70400000000001,32.8,11,0.10909090909090911,27.173913043478258,2,2,4,Risky
Cubify CubeX 3D Printer Double Head Print,11099.963,-8879.9704,3,0.5333333333333333,-80.0,4,1,5,Profitable
Cubify CubeX 3D Printer Triple Head Print,7999.98,-3839.9904,1,0.5,-48.00000000000001,4,1,5,Profitable
Cush Cases Heavy Duty Rugged Cover Case for Samsung Galaxy S5 - Purple,65.34,3.9105000000000003,6,0.20000000000000004,5.984848484848485,1,1,2,Loss Maker
Cyber Acoustics AC-202b Speech Recognition Stereo Headset,119.508,-20.5242,5,0.16,-17.17391304347826,2,1,3,Risky
DAX Black Cherry Wood-Tone Poster Frame,455.456,61.4336,8,0.225,13.488372093023255,3,3,6,Profitable
"DAX Charcoal/Nickel-Tone Document Frame, 5 x 7",168.744,48.822,7,0.17142857142857143,28.932584269662925,2,3,5,Profitable
DAX Clear Channel Poster Frame,119.556,27.701999999999998,3,0.19999999999999998,23.17073170731707,2,2,4,Risky
"DAX Contemporary Wood Frame with Silver Metal Mat, Desktop, 11 x 14 Size",291.45599999999996,97.152,5,0.04,33.333333333333336,2,3,5,Profitable
"DAX Copper Panel Document Frame, 5 x 7 Size",171.088,39.7528,5,0.2,23.235294117647058,2,2,4,Risky
DAX Cubicle Frames - 8x10,125.786,20.772,5,0.12,16.513761467889907,2,2,4,Risky
"DAX Cubicle Frames, 8-1/2 x 11",145.69,52.4484,4,0.0,36.0,2,3,5,Profitable
"DAX Executive Solid Wood Document Frame, Desktop or Hang, Mahogany, 5 x 7",196.248,55.1004,5,0.04,28.076923076923077,2,3,5,Profitable
"DAX Metal Frame, Desktop, Stepped-Edge",161.92,26.1096,5,0.24,16.125,2,2,4,Risky
DAX Natural Wood-Tone Poster Frame,513.712,123.9264,5,0.2,24.123711340206185,3,3,6,Profitable
DAX Solid Wood Frames,113.332,33.3157,3,0.06666666666666667,29.396551724137932,2,2,4,Risky
"DAX Two-Tone Rosewood/Black Document Frame, Desktop, 5 x 7",216.144,73.944,8,0.09999999999999999,34.21052631578947,2,3,5,Profitable
DAX Two-Tone Silver Metal Document Frame,234.784,84.8056,6,0.13333333333333333,36.12068965517242,2,3,5,Profitable
"DAX Value U-Channel Document Frames, Easel Back",175.938,52.4832,10,0.06,29.830508474576273,2,3,5,Profitable
DAX Wood Document Frame,477.804,126.316,9,0.1111111111111111,26.436781609195403,3,3,6,Profitable
DAX Wood Document Frame.,159.268,7.6888000000000005,4,0.35,4.8275862068965525,2,1,3,Risky
DIXON Oriole Pencils,44.891999999999996,8.6172,6,0.10000000000000002,19.195402298850578,1,1,2,Loss Maker
DIXON Ticonderoga Erasable Checking Pencils,94.86,26.784,7,0.1142857142857143,28.235294117647058,1,2,3,Risky
DMI Arturo Collection Mission-style Design Wood Chair,4619.987999999999,486.15560000000005,11,0.19090909090909092,10.522875816993468,4,4,8,Star Product
DMI Eclipse Executive Suite Bookcases,11046.609,90.17640000000002,6,0.18333333333333335,0.8163265306122449,4,3,7,Star Product
DXL Angle-View Binders with Locking Rings by Samsill,215.109,66.6915,10,0.24,31.00358422939068,2,3,5,Profitable
"DXL Angle-View Binders with Locking Rings, Black",124.592,42.0498,4,0.2,33.75,2,2,4,Risky
DYMO CardScan Personal V9 Business Card Scanner,1343.9160000000002,463.971,3,0.3,34.52380952380952,4,4,8,Star Product
"Dana Fluorescent Magnifying Lamp, White, 36""",581.172,81.568,4,0.25,14.035087719298245,3,3,6,Profitable
Dana Halogen Swing-Arm Architect Lamp,1114.384,288.4288,6,0.06666666666666667,25.882352941176475,3,4,7,Star Product
Dana Swing-Arm Lamps,108.936,-11.214,7,0.34285714285714286,-10.294117647058822,2,1,3,Risky
"DataProducts Ampli Magnifier Task Lamp, Black,",508.72800000000007,99.5808,5,0.12000000000000002,19.574468085106382,3,3,6,Profitable
Dax Clear Box Frame,96.03,15.364799999999999,6,0.19999999999999998,15.999999999999998,1,2,3,Risky
Decoflex Hanging Personal Folder File,46.26,12.0276,1,0.0,26.0,1,2,3,Risky
"Decoflex Hanging Personal Folder File, Blue",518.112,124.131,9,0.044444444444444446,23.958333333333336,3,3,6,Profitable
Deflect-O Glasstique Clear Desk Accessories,124.74,37.037,3,0.06666666666666667,29.69135802469136,2,2,4,Risky
Deflect-o DuraMat Antistatic Studded Beveled Mat for Medium Pile Carpeting,1685.44,244.3888,5,0.16,14.499999999999998,4,4,8,Star Product
"Deflect-o DuraMat Lighweight, Studded, Beveled Mat for Low Pile Carpeting",673.87,72.07849999999999,6,0.06666666666666667,10.696202531645568,3,3,6,Profitable
"Deflect-o EconoMat Nonstudded, No Bevel Mat",702.44,123.96,3,0.06666666666666667,17.64705882352941,3,3,6,Profitable
"Deflect-o EconoMat Studded, No Bevel Mat for Low Pile Carpeting",1115.6399999999999,-125.1996,9,0.17777777777777778,-11.222222222222223,3,1,4,Risky
Deflect-o Glass Clear Studded Chair Mats,1579.3719999999998,318.3616,7,0.028571428571428574,20.157480314960633,4,4,8,Star Product
"Deflect-o RollaMat Studded, Beveled Mat for Medium Pile Carpeting",1623.248,-343.0956,6,0.26666666666666666,-21.136363636363637,4,1,5,Profitable
"Deflect-o SuperTray Unbreakable Stackable Tray, Letter, Black",437.70000000000005,138.3132,4,0.15,31.599999999999994,3,3,6,Profitable
Dell Slim USB Multimedia Keyboard,125.0,30.0,2,0.0,24.0,2,2,4,Risky
Deluxe Chalkboard Eraser Cleaner,182.49,76.461,5,0.08,41.89873417721518,2,3,5,Profitable
Deluxe Heavy-Duty Vinyl Round Ring Binder,504.24,88.242,7,0.32857142857142857,17.5,3,3,6,Profitable
Deluxe Rollaway Locking File with Drawer,5572.792,1380.7215999999999,5,0.08,24.77611940298507,4,4,8,Star Product
Design Ebony Sketching Pencil,13.622,2.3074,3,0.06666666666666667,16.93877551020408,1,1,2,Loss Maker
Desktop 3-Pocket Hot File,259.68,59.510000000000005,2,0.1,22.916666666666668,2,3,5,Profitable
Dexim XPower Skin Super-Thin Power Case for iPhone 5 - Black,467.92,-14.622499999999995,3,0.20000000000000004,-3.124999999999999,3,1,4,Risky
Digium D40 VoIP phone,3044.164,571.4257,9,0.1111111111111111,18.771186440677965,4,4,8,Star Product
Disposable Triple-Filter Dust Bags,43.7,11.362,4,0.0,26.0,1,2,3,Risky
"Dixon My First Ticonderoga Pencil, #2",95.94,17.0235,4,0.15000000000000002,17.74390243902439,1,2,3,Risky
"Dixon Prang Watercolor Pencils, 10-Color Set with Brush",110.76,42.8982,7,0.05714285714285715,38.730769230769226,2,2,4,Risky
Dixon Ticonderoga Core-Lock Colored Pencils,229.572,58.6684,7,0.1142857142857143,25.555555555555554,2,3,5,Profitable
"Dixon Ticonderoga Core-Lock Colored Pencils, 48-Color Set",431.28999999999996,165.206,2,0.1,38.30508474576271,3,4,7,Star Product
"Dixon Ticonderoga Erasable Colored Pencil Set, 12-Color",75.348,20.0928,2,0.1,26.666666666666668,1,2,3,Risky
"Dixon Ticonderoga Maple Cedar Pencil, #2",23.332,4.912000000000001,3,0.06666666666666667,21.05263157894737,1,1,2,Loss Maker
Dixon Ticonderoga Pencils,37.548,9.267800000000001,3,0.06666666666666667,24.682539682539684,1,1,2,Loss Maker
Document Clip Frames,45.036,16.0128,2,0.1,35.55555555555555,1,2,3,Risky
"Dot Matrix Printer Tape Reel Labels, White, 5000/Box",3322.878,1517.9064,8,0.05,45.680473372781066,4,4,8,Star Product
"Dual Level, Single-Width Filing Carts",6574.544,1640.5348,9,0.022222222222222223,24.952830188679247,4,4,8,Star Product
Durable Pressboard Binders,37.239999999999995,15.085999999999999,2,0.1,40.51020408163266,1,2,3,Risky
Easy-staple paper,2504.192,1096.0292,46,0.06086956521739131,43.76777818953179,4,4,8,Star Product
"Eaton Premium Continuous-Feed Paper, 25% Cotton, Letter Size, White, 1000 Shts/Box",1098.504,492.6624,10,0.06000000000000001,44.84848484848485,3,4,7,Star Product
"Eberhard Faber 3 1/2"" Golf Pencils",139.872,28.272000000000002,7,0.05714285714285715,20.212765957446805,2,2,4,Risky
EcoTones Memo Sheets,52.8,21.6,3,0.06666666666666667,40.909090909090914,1,2,3,Risky
Economy #2 Pencils,34.58,8.9908,4,0.0,26.0,1,1,2,Loss Maker
Economy Binders,29.952,9.7968,4,0.30000000000000004,32.70833333333333,1,1,2,Loss Maker
Economy Rollaway Files,3138.8,693.8399999999999,7,0.08571428571428573,22.105263157894733,4,4,8,Star Product
"Eldon ""L"" Workstation Diamond Chairmat",1002.936,-267.4496,4,0.3,-26.66666666666666,3,1,4,Risky
Eldon 100 Class Desk Accessories,36.396,-4.8528,4,0.3,-13.333333333333334,1,1,2,Loss Maker
Eldon 200 Class Desk Accessories,133.136,39.187200000000004,7,0.028571428571428574,29.43396226415095,2,2,4,Risky
"Eldon 200 Class Desk Accessories, Black",75.36,28.6368,2,0.0,38.0,1,2,3,Risky
"Eldon 200 Class Desk Accessories, Burgundy",135.648,44.588,5,0.12000000000000002,32.870370370370374,2,2,4,Risky
"Eldon 200 Class Desk Accessories, Smoke",138.16,58.0272,4,0.0,42.00000000000001,2,3,5,Profitable
"Eldon 300 Class Desk Accessories, Black",29.7,13.068000000000001,2,0.0,44.00000000000001,1,2,3,Risky
"Eldon 400 Class Desk Accessories, Black Carbon",159.25,47.6,6,0.16666666666666666,29.89010989010989,2,3,5,Profitable
Eldon 500 Class Desk Accessories,197.948,60.470699999999994,6,0.06666666666666667,30.548780487804873,2,3,5,Profitable
Eldon Advantage Chair Mats for Low to Medium Pile Carpets,563.03,56.303000000000004,5,0.0,10.000000000000002,3,3,6,Profitable
Eldon Advantage Foldable Chair Mats for Low Pile Carpets,379.4,-48.78,3,0.19999999999999998,-12.85714285714286,3,1,4,Risky
Eldon Antistatic Chair Mats for Low to Medium Pile Carpets,1431.944,46.3276,4,0.05,3.2352941176470584,4,3,7,Star Product
"Eldon Base for stackable storage shelf, platinum",872.256,-52.569,7,0.08571428571428573,-6.026785714285715,3,1,4,Risky
Eldon Cleatmat Chair Mats for Medium Pile Carpets,344.1,-42.18000000000001,4,0.3,-12.258064516129034,3,1,4,Risky
Eldon Cleatmat Plus Chair Mats for High Pile Carpets,1304.1280000000002,-111.328,5,0.15999999999999998,-8.536585365853657,4,1,5,Profitable
Eldon ClusterMat Chair Mat with Cordless Antistatic Protection,1200.936,-256.56359999999995,5,0.15999999999999998,-21.36363636363636,3,1,4,Risky
"Eldon Delta Triangular Chair Mat, 52"" x 58"", Clear",546.192,17.447799999999997,6,0.16666666666666666,3.194444444444444,3,2,5,Profitable
Eldon Econocleat Chair Mats for Low Pile Carpets,331.76,39.8112,2,0.0,12.0,3,2,5,Profitable
Eldon Executive Woodline II Cherry Finish Desk Accessories,98.13600000000001,-78.5088,2,0.6,-79.99999999999999,1,1,2,Loss Maker
"Eldon Executive Woodline II Desk Accessories, Mahogany",361.87199999999996,50.008700000000005,5,0.24,13.819444444444448,3,3,6,Profitable
"Eldon Expressions Desk Accessory, Wood Pencil Holder, Oak",108.08,6.755000000000001,4,0.2,6.250000000000002,2,1,3,Risky
"Eldon Expressions Desk Accessory, Wood Photo Frame, Mahogany",262.752,-7.616000000000003,6,0.3,-2.898550724637682,2,1,3,Risky
Eldon Expressions Mahogany Wood Desk Collection,93.6,23.4,2,0.0,25.0,1,2,3,Risky
"Eldon Expressions Punched Metal & Wood Desk Accessories, Black & Cherry",155.708,20.636,5,0.2,13.253012048192769,2,2,4,Risky
"Eldon Expressions Punched Metal & Wood Desk Accessories, Pewter & Cherry",121.296,21.7056,3,0.13333333333333333,17.894736842105264,2,2,4,Risky
"Eldon Expressions Wood Desk Accessories, Oak",183.024,10.110600000000002,12,0.16666666666666666,5.524193548387098,2,1,3,Risky
"Eldon Expressions Wood and Plastic Desk Accessories, Cherry Wood",160.54000000000002,46.5566,5,0.0,28.999999999999996,2,3,5,Profitable
"Eldon Expressions Wood and Plastic Desk Accessories, Oak",149.70000000000002,41.916,5,0.0,27.999999999999996,2,2,4,Risky
Eldon File Chest Portable File,79.4,5.955,1,0.2,7.5,1,1,2,Loss Maker
Eldon Fold 'N Roll Cart System,301.96799999999996,63.7488,5,0.12000000000000002,21.111111111111114,2,3,5,Profitable
Eldon Gobal File Keepers,348.22,-0.6055999999999999,6,0.06666666666666667,-0.17391304347826084,3,1,4,Risky
Eldon Image Series Black Desk Accessories,48.852,17.0568,5,0.04,34.91525423728813,1,2,3,Risky
"Eldon Image Series Desk Accessories, Burgundy",111.18799999999999,28.256800000000002,8,0.125,25.41353383458647,2,2,4,Risky
"Eldon Image Series Desk Accessories, Ebony",180.31,55.822,5,0.16,30.958904109589042,2,3,5,Profitable
"Eldon Imàge Series Desk Accessories, Clear",53.46,6.3666,3,0.26666666666666666,11.90909090909091,1,1,2,Loss Maker
Eldon Jumbo ProFile Portable File Boxes Graphite/Black,36.744,3.6744,1,0.2,10.0,1,1,2,Loss Maker
Eldon Mobile Mega Data Cart  Mega Stackable  Add-On Trays,709.5,205.755,6,0.0,28.999999999999996,3,4,7,Star Product
Eldon Pizzaz Desk Accessories,37.464,13.736799999999999,4,0.1,36.666666666666664,1,2,3,Risky
Eldon Portable Mobile Manager,899.304,197.3944,9,0.06666666666666668,21.949685534591197,3,4,7,Star Product
Eldon ProFile File 'N Store Portable File Tub Letter/Legal Size Black,614.0579999999999,127.44600000000001,7,0.1142857142857143,20.75471698113208,3,3,6,Profitable
Eldon Radial Chair Mat for Low to Medium Pile Carpets,775.6120000000001,135.932,6,0.06666666666666667,17.525773195876283,3,3,6,Profitable
"Eldon Regeneration Recycled Desk Accessories, Black",39.688,13.116399999999999,3,0.06666666666666667,33.048780487804876,1,2,3,Risky
"Eldon Regeneration Recycled Desk Accessories, Smoke",33.756,8.9088,5,0.08,26.39175257731959,1,1,2,Loss Maker
Eldon Shelf Savers Cubes and Bins,300.14,-7.677999999999999,8,0.05,-2.558139534883721,2,1,3,Risky
Eldon Simplefile Box Office,345.832,77.128,8,0.07500000000000001,22.302158273381295,3,3,6,Profitable
"Eldon Spacemaker Box, Quick-Snap Lid, Clear",50.768,9.2852,6,0.16666666666666666,18.289473684210524,1,1,2,Loss Maker
"Eldon Stackable Tray, Side-Load, Legal, Smoke",155.38,52.8292,5,0.0,34.0,2,3,5,Profitable
Eldon Wave Desk Accessories,266.73,98.9996,14,0.15714285714285717,37.11603494170134,2,3,5,Profitable
Electrix 20W Halogen Replacement Bulb for Zoom-In Desk Lamp,168.84,78.256,5,0.04,46.34920634920635,2,3,5,Profitable
"Electrix Architect's Clamp-On Swing Arm Lamp, Black",2863.8,627.1722000000001,4,0.12,21.900000000000002,4,4,8,Star Product
Electrix Fluorescent Magnifier Lamps & Weighted Base,463.79600000000005,73.0232,2,0.1,15.744680851063828,3,3,6,Profitable
Electrix Halogen Magnifier Lamp,2759.06,314.76599999999996,6,0.2333333333333333,11.40845070422535,4,4,8,Star Product
"Electrix Incandescent Magnifying Lamp, Black",117.28,-16.4925,2,0.4,-14.0625,2,1,3,Risky
"Elite 5"" Scissors",179.14,37.18,7,0.08571428571428573,20.754716981132077,2,2,4,Risky
Embossed Ink Jet Note Cards,284.382,108.336,4,0.15000000000000002,38.095238095238095,2,3,5,Profitable
Enermax Acrylux Wireless Keyboard,2450.16,630.468,6,0.10000000000000002,25.731707317073173,4,4,8,Star Product
Enermax Aurora Lite Keyboard,1641.1499999999999,722.106,5,0.0,44.00000000000001,4,4,8,Star Product
Enermax Briskie RF Wireless Keyboard and Mouse Combo,469.402,150.3748,5,0.04,32.0353982300885,3,4,7,Star Product
Epson Perfection V600 Photo Scanner,206.991,-172.4925,1,0.7,-83.33333333333333,2,1,3,Risky
Epson TM-T88V Direct Thermal Printer - Monochrome - Desktop,1212.705,-1057.23,2,0.55,-87.1794871794872,4,1,5,Profitable
"Epson WorkForce WF-2530 All-in-One Printer, Copier Scanner",279.96,120.3828,2,0.0,43.00000000000001,2,3,5,Profitable
Eureka Disposable Bags for Sanitaire Vibra Groomer I Upright Vac,1.624,-4.466,1,0.8,-275.0,1,1,2,Loss Maker
"Eureka Hand Vacuum, Bagless",197.72,55.3616,1,0.0,28.000000000000004,2,3,5,Profitable
"Eureka Recycled Copy Paper 8 1/2"" x 11"", Ream",110.16,46.137600000000006,6,0.13333333333333333,41.88235294117648,2,3,5,Profitable
Eureka Sanitaire  Commercial Upright,1524.5320000000002,53.0272,3,0.3333333333333333,3.478260869565217,4,3,7,Star Product
"Eureka Sanitaire  Multi-Pro Heavy-Duty Upright, Disposable Bags",83.904,12.7604,5,0.12000000000000002,15.208333333333336,1,2,3,Risky
Eureka The Boss Cordless Rechargeable Stick Vac,948.228,241.1354,6,0.03333333333333333,25.430107526881724,3,4,7,Star Product
"Eureka The Boss Lite 10-Amp Upright Vacuum, Blue",1042.08,291.7824,4,0.0,28.000000000000004,3,4,7,Star Product
"Eureka The Boss Plus 12-Amp Hard Box Upright Vacuum, Red",1674.4,146.51000000000002,6,0.21666666666666667,8.75,4,4,8,Star Product
Euro Pro Shark Stick Mini Vacuum,170.744,-325.6332,3,0.6,-190.7142857142857,2,1,3,Risky
Euro-Pro Shark Turbo Vacuum,693.952,143.74720000000002,6,0.05000000000000001,20.71428571428572,3,3,6,Profitable
"Executive Impressions 10"" Spectator Wall Clock",258.72,87.9648,5,0.0,34.0,2,3,5,Profitable
"Executive Impressions 12"" Wall Clock",176.7,23.3244,6,0.26666666666666666,13.200000000000001,2,2,4,Risky
"Executive Impressions 13"" Chairman Wall Clock",253.8,72.333,3,0.06666666666666667,28.499999999999996,2,3,5,Profitable
"Executive Impressions 13"" Clairmont Wall Clock",315.372,88.458,8,0.22499999999999998,28.048780487804876,2,3,5,Profitable
"Executive Impressions 13-1/2"" Indoor/Outdoor Wall Clock",56.099999999999994,21.317999999999998,2,0.0,38.0,1,2,3,Risky
"Executive Impressions 14""",377.90999999999997,166.2804,4,0.0,44.0,3,4,7,Star Product
"Executive Impressions 14"" Contract Wall Clock",346.788,93.5883,7,0.05714285714285715,26.987179487179485,3,3,6,Profitable
"Executive Impressions 14"" Contract Wall Clock with Quartz Movement",97.812,-1.7783999999999978,2,0.4,-1.8181818181818161,1,1,2,Loss Maker
"Executive Impressions 14"" Two-Color Numerals Wall Clock",308.99199999999996,94.51520000000001,6,0.13333333333333333,30.588235294117656,2,3,5,Profitable
"Executive Impressions 16-1/2"" Circular Wall Clock",58.784,-1.0687999999999995,2,0.3,-1.8181818181818175,1,1,2,Loss Maker
"Executive Impressions 8-1/2"" Career Panel/Partition Cubicle Clock",66.56,18.512,2,0.1,27.8125,1,2,3,Risky
Executive Impressions Supervisor Wall Clock,867.2599999999999,266.072,4,0.05,30.679611650485437,3,4,7,Star Product
Faber Castell Col-Erase Pencils,37.164,14.083200000000001,5,0.08,37.89473684210527,1,2,3,Risky
Fashion Color Clasp Envelopes,77.904,36.5175,3,0.06666666666666667,46.875,1,2,3,Risky
Fellowes 8 Outlet Superior Workstation Surge Protector,759.1220000000001,166.84,5,0.08,21.978021978021978,3,4,7,Star Product
Fellowes 8 Outlet Superior Workstation Surge Protector w/o Phone/Fax/Modem Protection,665.6759999999999,43.706,5,0.2,6.565656565656567,3,2,5,Profitable
Fellowes Advanced 8 Outlet Surge Suppressor with Phone/Fax Protection,244.288,41.64,3,0.13333333333333333,17.045454545454543,2,2,4,Risky
Fellowes Advanced Computer Series Surge Protectors,386.75399999999996,100.662,6,0.03333333333333333,26.027397260273975,3,3,6,Profitable
Fellowes Bankers Box Recycled Super Stor/Drawer,1187.56,-30.228800000000003,7,0.08571428571428573,-2.545454545454546,3,1,4,Risky
Fellowes Bankers Box Staxonsteel Drawer File/Stacking System,2612.196,153.35279999999997,8,0.07500000000000001,5.870646766169154,4,4,8,Star Product
Fellowes Bankers Box Stor/Drawer Steel Plus,1426.308,-12.792000000000003,12,0.10000000000000002,-0.8968609865470853,4,1,5,Profitable
Fellowes Bases and Tops For Staxonsteel/High-Stak Systems,858.8820000000001,201.07160000000002,10,0.02,23.410852713178297,3,4,7,Star Product
Fellowes Basic Home/Office Series Surge Protectors,436.12800000000004,58.2802,9,0.13333333333333333,13.363095238095237,3,3,6,Profitable
Fellowes Binding Cases,271.44,71.955,5,0.27999999999999997,26.50862068965517,2,3,5,Profitable
Fellowes Black Plastic Comb Bindings,102.256,-4.415600000000001,9,0.4111111111111111,-4.318181818181819,2,1,3,Risky
Fellowes Command Center 5-outlet power strip,664.832,-78.016,4,0.25,-11.73469387755102,3,1,4,Risky
Fellowes Desktop Hanging File Manager,201.45000000000002,50.362500000000004,4,0.0,25.0,2,3,5,Profitable
Fellowes Econo/Stor Drawers,581.58,-56.2194,2,0.1,-9.666666666666666,3,1,4,Risky
Fellowes High-Stak Drawer Files,3946.656,419.3322,8,0.125,10.625,4,4,8,Star Product
Fellowes Mighty 8 Compact Surge Protector,344.59000000000003,67.2964,6,0.10000000000000002,19.52941176470588,3,3,6,Profitable
"Fellowes Mobile File Cart, Black",2300.66,485.00399999999996,10,0.06000000000000001,21.08108108108108,4,4,8,Star Product
Fellowes Neat Ideas Storage Cubes,480.70399999999995,-18.1888,7,0.08571428571428573,-3.783783783783784,3,1,4,Risky
Fellowes Officeware Wire Shelving,4509.466,-332.371,11,0.07272727272727274,-7.370517928286851,4,1,5,Profitable
Fellowes PB200 Plastic Comb Binding Machine,4181.754,693.5591999999999,9,0.3222222222222222,16.585365853658534,4,4,8,Star Product
Fellowes PB300 Plastic Comb Binding Machine,8070.192,2518.0551,6,0.2333333333333333,31.201923076923077,4,4,8,Star Product
Fellowes PB500 Electric Punch Plastic Comb Binding Machine with Manual Bind,27453.384000000002,7753.039,10,0.24,28.240740740740737,4,4,8,Star Product
"Fellowes Personal Hanging Folder Files, Navy",284.716,52.6456,4,0.1,18.49056603773585,2,3,5,Profitable
Fellowes Powershred HS-440 4-Sheet High Security Shredder,2541.8360000000002,1092.6795,3,0.06666666666666667,42.98780487804878,4,4,8,Star Product
"Fellowes Premier Superior Surge Suppressor, 10-Outlet, With Phone and Remote",929.48,169.2632,7,0.14285714285714285,18.210526315789473,3,4,7,Star Product
Fellowes Presentation Covers for Comb Binding Machines,133.86,21.825000000000003,2,0.4,16.304347826086957,2,2,4,Risky
Fellowes Recycled Storage Drawers,1287.9479999999999,48.8532,3,0.06666666666666667,3.7931034482758625,4,3,7,Star Product
"Fellowes Smart Surge Ten-Outlet Protector, Platinum",180.66,50.5848,1,0.0,28.000000000000004,2,3,5,Profitable
Fellowes Staxonsteel Drawer Files,4829.25,509.9688,7,0.028571428571428574,10.56,4,4,8,Star Product
Fellowes Stor/Drawer Steel Plus Storage Drawers,3397.308,78.25259999999999,8,0.05,2.3033707865168536,4,3,7,Star Product
"Fellowes Strictly Business Drawer File, Letter/Legal Size",4479.03,388.746,7,0.05714285714285715,8.679245283018867,4,4,8,Star Product
Fellowes Super Stor/Drawer,477.3,67.71,4,0.05,14.186046511627906,3,3,6,Profitable
Fellowes Super Stor/Drawer Files,4006.44,473.3415,9,0.06666666666666668,11.814516129032258,4,4,8,Star Product
Fellowes Superior 10 Outlet Split Surge Protector,867.768,57.09,9,0.2666666666666667,6.578947368421052,3,3,6,Profitable
"Fellowes Twister Kit, Gray/Clear, 3/pkg",182.508,-3.2159999999999975,10,0.43,-1.7621145374449323,2,1,3,Risky
File Shuttle I and Handi-File,262.668,51.42059999999999,3,0.13333333333333333,19.576271186440675,2,3,5,Profitable
"File Shuttle II and Handi-File, Black",1125.148,260.953,7,0.05714285714285715,23.19277108433735,3,4,7,Star Product
First Data FD10 PIN Pad,1722.2,15.800000000000004,5,0.08,0.9174311926605507,4,2,6,Profitable
First Data TMFD35 PIN Pad,571.2,119.952,2,0.0,21.0,3,3,6,Profitable
"Fiskars 8"" Scissors, 2/Pack",217.224,45.8584,4,0.1,21.111111111111114,2,3,5,Profitable
Fiskars Home & Office Scissors,97.68,27.3504,3,0.0,27.999999999999996,1,2,3,Risky
Fiskars Softgrip Scissors,307.44,86.0832,7,0.0,28.000000000000004,2,3,5,Profitable
Fiskars Spring-Action Scissors,75.492,13.4208,4,0.1,17.777777777777775,1,2,3,Risky
Flat Face Poster Frame,678.24,120.9528,12,0.3,17.833333333333332,3,3,6,Profitable
Flexible Leather- Look Classic Collection Ring Binder,142.05,18.940000000000005,6,0.3833333333333333,13.333333333333336,2,2,4,Risky
"Floodlight Indoor Halogen Bulbs, 1 Bulb per Pack, 60 Watts",434.56,197.104,6,0.13333333333333333,45.35714285714286,3,4,7,Star Product
Fluorescent Highlighters by Dixon,90.744,22.4472,5,0.12000000000000002,24.736842105263158,1,2,3,Risky
G.E. Halogen Desk Lamp Bulbs,62.82,22.8944,5,0.15999999999999998,36.44444444444444,1,2,3,Risky
G.E. Longer-Life Indoor Recessed Floodlight Bulbs,81.00800000000001,25.763199999999998,6,0.2333333333333333,31.803278688524582,1,2,3,Risky
GBC Binding covers,137.26999999999998,58.9225,3,0.06666666666666667,42.9245283018868,2,3,5,Profitable
"GBC Clear Cover, 8-1/2 x 11, unpunched, 25 covers per pack",136.44,13.644000000000002,4,0.375,10.000000000000002,2,2,4,Risky
GBC DocuBind 200 Manual Binding Machine,4209.799999999999,1052.45,4,0.325,25.000000000000007,4,4,8,Star Product
GBC DocuBind 300 Electric Binding Machine,6785.142,494.4212000000001,8,0.4125,7.286821705426358,4,4,8,Star Product
GBC DocuBind P100 Manual Binding Machine,2954.444,489.6410000000001,8,0.25,16.57303370786517,4,4,8,Star Product
GBC DocuBind P400 Electric Binding System,17965.068,-1878.1662000000003,6,0.45,-10.454545454545457,4,1,5,Profitable
GBC DocuBind P50 Personal Binding Machine,2264.892,569.422,10,0.33999999999999997,25.141242937853107,4,4,8,Star Product
GBC DocuBind TL200 Manual Binding Machine,4322.814,1592.4978,6,0.21666666666666667,36.83937823834197,4,4,8,Star Product
GBC DocuBind TL300 Electric Binding System,19823.479,2233.5051000000003,11,0.3,11.266968325791856,4,4,8,Star Product
GBC Durable Plastic Covers,369.585,14.318999999999997,8,0.35,3.8743455497382193,3,2,5,Profitable
GBC Ibimaster 500 Manual ProClick Binding System,19024.5,760.9799999999996,9,0.5222222222222223,3.9999999999999982,4,4,8,Star Product
GBC Imprintable Covers,241.56,39.967200000000005,8,0.3625,16.545454545454547,2,2,4,Risky
GBC Instant Index System for Binding Systems,71.928,-12.432,5,0.48,-17.283950617283953,1,1,2,Loss Maker
GBC Instant Report Kit,164.985,3.2349999999999994,13,0.49230769230769234,1.96078431372549,2,1,3,Risky
"GBC Laser Imprintable Binding System Covers, Desert Sand",146.981,18.408299999999997,6,0.35000000000000003,12.524271844660193,2,2,4,Risky
GBC Linen Binding Covers,207.566,-82.4068,6,0.5499999999999999,-39.701492537313435,2,1,3,Risky
GBC Personal VeloBind Strips,156.938,-11.2612,7,0.42857142857142855,-7.175572519083969,2,1,3,Risky
GBC Plastic Binding Combs,172.692,59.778000000000006,10,0.26,34.61538461538461,2,3,5,Profitable
GBC Plasticlear Binding Covers,68.88,-68.4208,7,0.7285714285714285,-99.33333333333334,1,1,2,Loss Maker
GBC Poly Designer Binding Covers,256.122,102.4488,6,0.21666666666666665,40.0,2,3,5,Profitable
"GBC Pre-Punched Binding Paper, Plastic, White, 8-1/2"" x 11""",310.206,52.447199999999995,8,0.2875,16.907216494845358,2,3,5,Profitable
GBC Premium Transparent Covers with Diagonal Lined Pattern,780.456,49.51280000000001,14,0.39999999999999997,6.344086021505378,3,3,6,Profitable
"GBC Prepunched Paper, 19-Hole, for Binding Systems, 24-lb",433.789,125.7838,7,0.33749999999999997,28.996539792387544,3,3,6,Profitable
GBC Prestige Therm-A-Bind Covers,1073.903,364.7153,10,0.16999999999999998,33.96166134185303,3,4,7,Star Product
GBC ProClick 150 Presentation Binding System,3222.996,-461.33079999999995,5,0.5,-14.313725490196077,4,1,5,Profitable
GBC ProClick Punch Binding System,1573.908,562.3842,7,0.24285714285714285,35.731707317073166,4,4,8,Star Product
GBC ProClick Spines for 32-Hole Punch,66.40899999999999,-13.2818,5,0.44000000000000006,-20.000000000000004,1,1,2,Loss Maker
GBC Recycled Grain Textured Covers,466.29,107.07400000000001,5,0.4,22.962962962962965,3,3,6,Profitable
GBC Recycled Regency Composition Covers,1291.248,451.9368,6,0.2333333333333333,35.0,4,4,8,Star Product
GBC Recycled VeloBinder Covers,487.34400000000005,100.8768,8,0.35,20.6993006993007,3,3,6,Profitable
GBC Standard Plastic Binding Systems Combs,55.755,-2.9205000000000014,5,0.5,-5.23809523809524,1,1,2,Loss Maker
GBC Standard Plastic Binding Systems' Combs,108.644,5.023999999999999,8,0.425,4.624277456647398,2,1,3,Risky
"GBC Standard Recycled Report Covers, Clear Plastic Sheets",258.72,-27.1656,12,0.4916666666666667,-10.5,2,1,3,Risky
GBC Standard Therm-A-Bind Covers,466.004,8.472800000000007,12,0.48333333333333334,1.8181818181818195,3,1,4,Risky
GBC Therma-A-Bind 250T Electric Binding System,1180.704,413.2464,2,0.2,35.0,3,4,7,Star Product
GBC Twin Loop Wire Binding Elements,1041.664,259.584,10,0.37,24.920127795527158,3,4,7,Star Product
"GBC Twin Loop Wire Binding Elements, 9/16"" Spine, Black",269.394,-2.2830000000000013,9,0.3888888888888889,-0.8474576271186446,2,1,3,Risky
GBC VeloBind Cover Sets,342.768,18.527999999999995,11,0.4636363636363636,5.405405405405404,3,2,5,Profitable
GBC VeloBinder Electric Binding Machine,496.018,-411.332,4,0.725,-82.92682926829269,3,1,4,Risky
GBC VeloBinder Manual Binding System,842.166,280.72200000000004,8,0.275,33.333333333333336,3,4,7,Star Product
GBC VeloBinder Strips,52.992,-23.808,4,0.55,-44.927536231884055,1,1,2,Loss Maker
"GBC Velobind Prepunched Cover Sets, Regency Series",661.942,-9.24499999999999,7,0.41428571428571426,-1.396648044692736,3,1,4,Risky
"GBC White Gloss Covers, Plain Front",269.328,31.421600000000005,7,0.5,11.66666666666667,2,2,4,Risky
GBC Wire Binding Combs,184.052,41.5668,7,0.37142857142857144,22.58426966292135,2,2,4,Risky
GBC Wire Binding Strips,212.65800000000002,-18.409200000000002,5,0.5,-8.656716417910449,2,1,3,Risky
GE 2-Jack Phone Line Splitter,1771.5140000000001,94.75540000000001,3,0.20000000000000004,5.348837209302325,4,3,7,Star Product
GE 30522EE2,1159.9,336.371,3,0.0,28.999999999999996,3,4,7,Star Product
GE 30524EE4,5291.7300000000005,838.8371999999999,9,0.15555555555555556,15.851851851851851,4,4,8,Star Product
"GE 4 Foot Flourescent Tube, 40 Watt",98.868,42.2436,3,0.06666666666666667,42.727272727272734,2,2,4,Risky
"GE 48"" Fluorescent Tube, Cool White Energy Saver, 34 Watts, 30/Box",2699.056,1260.221,8,0.07500000000000001,46.69117647058824,4,4,8,Star Product
GE DSL Phone Line Filter,495.87600000000003,69.9825,4,0.1,14.11290322580645,3,3,6,Profitable
"GE General Purpose, Extra Long Life, Showcase & Floodlight Incandescent Bulbs",45.396,14.55,7,0.2285714285714286,32.05128205128205,1,2,3,Risky
"GE General Use Halogen Bulbs, 100 Watts, 1 Bulb per Pack",163.332,3.141000000000002,3,0.39999999999999997,1.9230769230769242,2,1,3,Risky
Gear Head AU3700S Headset,189.654,-11.9508,3,0.06666666666666667,-6.301369863013698,2,1,3,Risky
Geemarc AmpliPOWER60,3415.04,384.192,11,0.18181818181818182,11.25,4,4,8,Star Product
"Geographics Note Cards, Blank, White, 8 1/2"" x 11""",76.092,29.5416,3,0.13333333333333333,38.82352941176471,1,2,3,Risky
"Global Adaptabilites Bookcase, Cherry/Storm Gray Finish",3447.84,206.87040000000002,2,0.0,6.000000000000001,4,4,8,Star Product
Global Adaptabilities Conference Tables,3540.348,354.0348,4,0.15000000000000002,10.0,4,4,8,Star Product
"Global Airflow Leather Mesh Back Chair, Black",3955.676,573.7239999999999,9,0.15555555555555556,14.50381679389313,4,4,8,Star Product
"Global Armless Task Chair, Royal Blue",1396.442,-20.733200000000004,8,0.175,-1.4847161572052405,4,1,5,Profitable
Global Chrome Stack Chair,815.864,15.0832,6,0.26666666666666666,1.8487394957983194,3,2,5,Profitable
Global Comet Stacking Arm Chair,6084.144,697.1415,5,0.16,11.458333333333332,4,4,8,Star Product
Global Comet Stacking Armless Chair,3528.79,514.366,6,0.16666666666666666,14.576271186440678,4,4,8,Star Product
Global Commerce Series High-Back Swivel/Tilt Chairs,7979.4400000000005,926.1850000000001,9,0.16666666666666666,11.607142857142858,4,4,8,Star Product
Global Commerce Series Low-Back Swivel/Tilt Chairs,4420.056,41.1168,7,0.2714285714285714,0.9302325581395349,4,2,6,Profitable
Global Deluxe High-Back Manager's Chair,8665.194,1558.5910000000001,8,0.1875,17.986798679867988,4,4,8,Star Product
Global Deluxe High-Back Office Chair in Storm,1087.92,-149.589,3,0.20000000000000004,-13.749999999999998,3,1,4,Risky
Global Deluxe Office Fabric Chairs,1420.504,229.3922,6,0.11666666666666668,16.14864864864865,4,4,8,Star Product
"Global Deluxe Stacking Chair, Gray",764.7,76.9798,7,0.21428571428571427,10.066666666666665,3,3,6,Profitable
Global Deluxe Steno Chair,1770.54,-216.31380000000001,10,0.21000000000000002,-12.217391304347828,4,1,5,Profitable
Global Enterprise Series Seating High-Back Swivel/Tilt Chairs,2032.35,-460.666,4,0.25,-22.666666666666668,4,1,5,Profitable
Global Enterprise Series Seating Low-Back Swivel/Tilt Chairs,207.184,25.898,1,0.2,12.5,2,2,4,Risky
Global Ergonomic Managers Chair,6008.536,785.4532,11,0.13636363636363635,13.072289156626507,4,4,8,Star Product
Global Executive Mid-Back Manager's Chair,4626.582,750.7284000000001,6,0.11666666666666665,16.22641509433962,4,4,8,Star Product
"Global Fabric Manager's Chair, Dark Gray",3150.576,499.851,9,0.13333333333333333,15.865384615384615,4,4,8,Star Product
"Global Geo Office Task Chair, Gray",1757.266,-166.00900000000001,7,0.17142857142857146,-9.447004608294932,4,1,5,Profitable
"Global High-Back Leather Tilter, Burgundy",5436.158,-474.7414,14,0.18571428571428572,-8.733031674208144,4,1,5,Profitable
Global Highback Leather Tilter in Burgundy,2647.809,49.13459999999999,9,0.14444444444444446,1.8556701030927831,4,3,7,Star Product
Global Italian Leather Office Chair,969.252,204.3288,2,0.15,21.08108108108108,3,4,7,Star Product
"Global Leather & Oak Executive Chair, Burgundy",1689.968,-114.6764,5,0.18,-6.785714285714286,4,1,5,Profitable
Global Leather Executive Chair,5861.532999999999,701.98,7,0.18571428571428572,11.976047904191619,4,4,8,Star Product
"Global Leather Highback Executive Chair with Pneumatic Height Adjustment, Black",5989.204,267.3034,10,0.22727272727272727,4.4630872483221475,4,4,8,Star Product
"Global Leather Task Chair, Black",1448.839,63.8929,8,0.1375,4.409937888198757,4,3,7,Star Product
"Global Leather and Oak Executive Chair, Black",6410.874,854.7832000000001,8,0.175,13.333333333333336,4,4,8,Star Product
Global Low Back Tilter Chair,1746.9540000000002,-246.3912,8,0.1875,-14.104046242774565,4,1,5,Profitable
"Global Manager's Adjustable Task Chair, Storm",2959.208,493.7046,6,0.11666666666666665,16.683673469387756,4,4,8,Star Product
"Global Push Button Manager's Chair, Indigo",2185.951,283.7474,9,0.2,12.980501392757663,4,4,8,Star Product
"Global Stack Chair with Arms, Black",803.464,125.0166,7,0.14285714285714285,15.559701492537311,3,3,6,Profitable
"Global Stack Chair without Arms, Black",901.506,44.166000000000004,7,0.17142857142857143,4.89913544668588,3,2,5,Profitable
Global Super Steno Chair,2389.902,-1.7763568394002505e-15,7,0.14285714285714285,-7.432760169246481e-17,4,1,5,Profitable
"Global Task Chair, Black",463.099,-80.4062,5,0.24,-17.36263736263736,3,1,4,Risky
Global Troy Executive Leather Low-Back Tilter,12975.382,951.8620000000001,9,0.2,7.335907335907336,4,4,8,Star Product
"Global Value Mid-Back Manager's Chair, Gray",1978.925,197.89249999999998,10,0.16,10.0,4,4,8,Star Product
"Global Value Steno Chair, Gray",2204.862,245.99699999999999,10,0.16,11.157024793388429,4,4,8,Star Product
"Global Wood Trimmed Manager's Task Chair, Khaki",4166.884,-503.1194,14,0.2285714285714286,-12.074235807860262,4,1,5,Profitable
Globe Weis Peel & Seel First Class Envelopes,375.73199999999997,164.862,7,0.028571428571428574,43.87755102040817,3,4,7,Star Product
Google Nexus 5,3815.788,710.9605,5,0.12000000000000002,18.632075471698116,4,4,8,Star Product
"Gould Plastics 18-Pocket Panel Bin, 34w x 5-1/4d x 20-1/2h",2299.75,-172.9412,10,0.12000000000000002,-7.5200000000000005,4,1,5,Profitable
"Gould Plastics 9-Pocket Panel Bin, 18-3/8w x 5-1/4d x 20-1/2h, Black",953.82,-63.587999999999994,6,0.10000000000000002,-6.666666666666665,3,1,4,Risky
Grandstream GXP1160 VoIP phone,803.692,157.70559999999998,6,0.10000000000000002,19.622641509433958,3,4,7,Star Product
Grandstream GXP2100 Mainstream Business Phone,596.6220000000001,45.894000000000005,4,0.25,7.6923076923076925,3,3,6,Profitable
Great White Multi-Use Recycled Paper (20Lb. and 84 Bright),169.832,64.584,8,0.07500000000000001,38.02816901408451,2,3,5,Profitable
Green Bar Computer Printout Paper,857.376,380.8728,5,0.04,44.42307692307692,3,4,7,Star Product
"Green Canvas Binder for 8-1/2"" x 14"" Sheets",569.24,162.64000000000001,5,0.25999999999999995,28.571428571428577,3,4,7,Star Product
Griffin GC17055 Auxiliary Audio Cable,395.78,46.0544,6,0.16666666666666666,11.636363636363638,3,3,6,Profitable
Griffin GC36547 PowerJolt SE Lightning Charger,175.422,17.992,3,0.26666666666666666,10.256410256410257,2,2,4,Risky
Grip Seal Envelopes,7.072,2.3868,1,0.2,33.75,1,1,2,Loss Maker
GuestStacker Chair with Chrome Finish Legs,9070.944,773.2608,8,0.225,8.524590163934427,4,4,8,Star Product
HON 5400 Series Task Chairs for Big and Tall,21870.576,5.684341886080802e-14,8,0.2,2.599081929109138e-16,4,1,5,Profitable
"HP Designjet T520 Inkjet Large Format Printer - 24"" Color",18374.895,4094.9766,3,0.16666666666666666,22.285714285714285,4,4,8,Star Product
HP Office Paper (20Lb. and 87 Bright),86.84,38.2096,2,0.1,44.0,1,2,3,Risky
HP Office Recycled Paper (20Lb. and 87 Bright),106.352,50.343799999999995,4,0.05,47.33695652173912,2,3,5,Profitable
"HP Officejet Pro 8600 e-All-In-One Printer, Copier, Scanner, Fax",449.97,47.9968,2,0.25,10.666666666666666,3,3,6,Profitable
HP Standard 104 key PS/2 Keyboard,275.5,58.0,6,0.06666666666666667,21.052631578947366,2,3,5,Profitable
HTC One,1119.888,125.9874,4,0.2,11.25,3,3,6,Profitable
HTC One Mini,2041.038,317.4948,4,0.15000000000000002,15.555555555555555,4,4,8,Star Product
Hammermill Color Copier Paper (28Lb. and 96 Bright),29.97,13.4865,2,0.0,45.0,1,2,3,Risky
Hammermill CopyPlus Copy Paper (20Lb. and 84 Bright),32.868,15.0894,3,0.06666666666666667,45.90909090909091,1,2,3,Risky
Hand-Finished Solid Wood Document Frame,260.14799999999997,68.46000000000001,3,0.06666666666666667,26.315789473684216,2,3,5,Profitable
Hanging Personal Folder File,251.2,51.025,5,0.08,20.3125,2,3,5,Profitable
Harbour Creations 67200 Series Stacking Chairs,1501.8980000000001,254.8244,8,0.1375,16.96682464454976,4,4,8,Star Product
Harbour Creations Steel Folding Chair,2389.125,336.375,8,0.1625,14.079422382671481,4,4,8,Star Product
Harmony Air Purifier,1946.7,374.22,5,0.22000000000000003,19.223300970873787,4,4,8,Star Product
Harmony HEPA Quiet Air Purifiers,128.7,37.44,4,0.1,29.09090909090909,2,2,4,Risky
Heavy-Duty E-Z-D Binders,176.74200000000002,9.055299999999997,8,0.5,5.123456790123455,2,1,3,Risky
Hewlett Packard 310 Color Digital Copier,4199.86,839.972,6,0.13333333333333333,20.0,4,4,8,Star Product
Hewlett Packard 610 Color Digital Copier / Printer,8899.822,3124.9375,7,0.14285714285714285,35.11235955056179,4,4,8,Star Product
Hewlett Packard LaserJet 3310 Copier,18839.686,6983.8836,8,0.2,37.07006369426751,4,4,8,Star Product
Hewlett-Packard 300S Scientific Calculator,131.1,60.306,2,0.0,46.0,2,3,5,Profitable
Hewlett-Packard Deskjet 3050a All-in-One Color Inkjet Printer,3040.0,1459.2,1,0.0,48.00000000000001,4,4,8,Star Product
Hewlett-Packard Deskjet 5550 Printer,597.132,49.761,1,0.4,8.333333333333334,3,3,6,Profitable
Hewlett-Packard Deskjet 6540 Color Inkjet Printer,1396.21,139.621,2,0.4,10.0,4,3,7,Star Product
Hewlett-Packard Deskjet D4360 Printer,447.968,139.99,1,0.2,31.25,3,3,6,Profitable
Hewlett-Packard Deskjet F4180 All-in-One Color Ink-jet - Printer / copier / scanner,101.994,-71.3958,1,0.7,-70.0,2,1,3,Risky
Hewlett-Packard Desktjet 6988DT Refurbished Printer,3404.5,1668.205,1,0.0,49.0,4,4,8,Star Product
High Speed Automatic Electric Letter Opener,17030.311999999998,-262.00480000000005,3,0.06666666666666667,-1.538461538461539,4,1,5,Profitable
High-Back Leather Manager's Chair,4770.633,-197.5848,9,0.16666666666666666,-4.141689373297003,4,1,5,Profitable
Holmes 99% HEPA Air Purifier,333.564,86.8566,4,0.1,26.03896103896104,3,3,6,Profitable
"Holmes Cool Mist Humidifier for the Whole House with 8-Gallon Output per Day, Extended Life Filter",147.26,48.754999999999995,4,0.2,33.108108108108105,2,3,5,Profitable
Holmes HEPA Air Purifier,239.58,41.382,6,0.23333333333333336,17.27272727272727,2,2,4,Risky
Holmes Harmony HEPA Air Purifier for 17 x 20 Room,675.12,290.3016,1,0.0,43.0,3,4,7,Star Product
Holmes Odor Grabber,357.616,67.774,8,0.225,18.951612903225808,3,3,6,Profitable
"Holmes Replacement Filter for HEPA Air Cleaner, Large Room",151.062,47.9844,4,0.15000000000000002,31.76470588235294,2,3,5,Profitable
"Holmes Replacement Filter for HEPA Air Cleaner, Medium Room",203.94,87.6942,4,0.0,43.0,2,3,5,Profitable
"Holmes Replacement Filter for HEPA Air Cleaner, Very Large Room, HEPA Filter",1383.0810000000001,381.2074,10,0.21000000000000002,27.562189054726367,4,4,8,Star Product
"Holmes Visible Mist Ultrasonic Humidifier with 2.3-Gallon Output per Day, Replacement Filter",47.544000000000004,10.188,2,0.4,21.428571428571427,1,1,2,Loss Maker
Home/Office Personal File Carts,980.232,198.132,7,0.028571428571428574,20.21276595744681,3,4,7,Star Product
Hon 2090 “Pillow Soft” Series Mid Back Swivel/Tilt Chairs,5282.424,-989.0496,6,0.21666666666666667,-18.72340425531915,4,1,5,Profitable
Hon 2111 Invitation Series Corner Table,3140.55,-401.9904,4,0.2,-12.8,4,1,5,Profitable
Hon 2111 Invitation Series Straight Table,2040.054,-115.30739999999999,7,0.2714285714285714,-5.652173913043478,4,1,5,Profitable
"Hon 30"" x 60"" Table with Locking Drawer",1296.028,-177.3512,3,0.3333333333333333,-13.684210526315791,4,1,5,Profitable
Hon 4-Shelf Metal Bookcases,1474.308,-191.86200000000002,4,0.25,-13.013698630136988,4,1,5,Profitable
Hon 4060 Series Tables,1231.56,96.2856,4,0.2,7.818181818181818,4,3,7,Star Product
Hon 4070 Series Pagoda Armless Upholstered Stacking Chairs,8430.997,1388.6348,8,0.1875,16.47058823529412,4,4,8,Star Product
Hon 4070 Series Pagoda Round Back Stacking Chairs,5906.032,1052.8144,7,0.14285714285714285,17.82608695652174,4,4,8,Star Product
Hon 4700 Series Mobuis Mid-Back Task Chairs with Adjustable Arms,7582.374,832.9932000000001,6,0.13333333333333333,10.985915492957748,4,4,8,Star Product
Hon 5100 Series Wood Tables,5965.09,-238.60360000000003,7,0.21428571428571427,-4.0,4,1,5,Profitable
Hon 61000 Series Interactive Training Tables,653.121,-148.3962,9,0.3111111111111111,-22.72108843537415,3,1,4,Risky
Hon 94000 Series Round Tables,7404.5,-681.2139999999999,5,0.16,-9.2,4,1,5,Profitable
Hon Comfortask Task/Swivel Chairs,1686.904,-36.473600000000005,6,0.15,-2.1621621621621623,4,1,5,Profitable
Hon Deluxe Fabric Upholstered Stacking Chairs,2586.1879999999996,-48.796,4,0.275,-1.886792452830189,4,1,5,Profitable
"Hon Deluxe Fabric Upholstered Stacking Chairs, Rounded Back",10637.528,1927.442,12,0.14166666666666666,18.11926605504587,4,4,8,Star Product
"Hon Deluxe Fabric Upholstered Stacking Chairs, Squared Back",1268.696,73.194,2,0.25,5.769230769230769,4,3,7,Star Product
Hon Every-Day Chair Series Swivel Task Chairs,967.84,12.097999999999999,3,0.19999999999999998,1.25,3,2,5,Profitable
Hon Every-Day Series Multi-Task Chairs,6748.482,281.96999999999997,10,0.16,4.178272980501392,4,4,8,Star Product
Hon GuestStacker Chair,6936.102,1233.0848,9,0.1111111111111111,17.77777777777778,4,4,8,Star Product
"Hon Metal Bookcases, Black",1570.0775999999998,-26.972399999999993,5,0.244,-1.717902350813743,4,1,5,Profitable
"Hon Metal Bookcases, Gray",851.76,229.9752,2,0.0,27.0,3,4,7,Star Product
"Hon Metal Bookcases, Putty",1320.228,362.70779999999996,5,0.04,27.473118279569885,4,4,8,Star Product
Hon Mobius Operator's Chair,2705.7799999999997,499.3394,5,0.04,18.454545454545457,4,4,8,Star Product
Hon Multipurpose Stacking Arm Chairs,6584.64,814.416,6,0.13333333333333333,12.368421052631579,4,4,8,Star Product
Hon Non-Folding Utility Tables,3775.647,541.654,5,0.2,14.345991561181433,4,4,8,Star Product
Hon Olson Stacker Chairs,5427.99,1292.1264,4,0.07500000000000001,23.80487804878049,4,4,8,Star Product
Hon Olson Stacker Stools,5294.456,833.5952,10,0.16,15.74468085106383,4,4,8,Star Product
Hon Pagoda Stacking Chairs,6483.796,1540.704,4,0.1,23.762376237623762,4,4,8,Star Product
"Hon Practical Foundations 30 x 60 Training Table, Light Gray/Charcoal",4334.8275,430.0695,6,0.17500000000000002,9.921259842519685,4,4,8,Star Product
Hon Racetrack Conference Tables,3963.901,-598.5228,6,0.2833333333333334,-15.099337748344372,4,1,5,Profitable
Hon Rectangular Conference Tables,3481.515,-295.815,4,0.325,-8.49673202614379,4,1,5,Profitable
Hon Valutask Swivel Chairs,1242.054,139.3524,4,0.07500000000000001,11.21951219512195,4,3,7,Star Product
Honeywell Enviracaire Portable Air Cleaner for up to 8 x 10 Room,299.20799999999997,-177.22320000000002,2,0.45,-59.23076923076924,2,1,3,Risky
Honeywell Enviracaire Portable HEPA Air Cleaner for 16' x 20' Room,3855.1800000000003,1503.5202,3,0.0,38.99999999999999,4,4,8,Star Product
Honeywell Enviracaire Portable HEPA Air Cleaner for 17' x 22' Room,11304.44,3247.02,8,0.05,28.723404255319146,4,4,8,Star Product
Honeywell Enviracaire Portable HEPA Air Cleaner for up to 10 x 16 Room,1320.166,417.0244,3,0.10000000000000002,31.588785046728972,4,4,8,Star Product
Honeywell Quietcare HEPA Air Cleaner,1761.76,549.7635,6,0.05000000000000001,31.205357142857142,4,4,8,Star Product
Hoover Commercial Lightweight Upright Vacuum,18.096,-2.5056000000000003,2,0.5,-13.846153846153847,1,1,2,Loss Maker
Hoover Commercial Lightweight Upright Vacuum with E-Z Empty Dirt Cup,1023.3520000000001,-9.303200000000004,3,0.26666666666666666,-0.9090909090909094,3,1,4,Risky
Hoover Commercial Soft Guard Upright Vacuum And Disposable Filtration Bags,91.68599999999999,-10.4118,4,0.25,-11.35593220338983,1,1,2,Loss Maker
Hoover Commercial SteamVac,168.392,35.308,4,0.2,20.967741935483872,2,2,4,Risky
Hoover Portapower Portable Vacuum,61.824,1.3439999999999994,4,0.30000000000000004,2.1739130434782603,1,1,2,Loss Maker
Hoover Replacement Belt for Commercial Guardsman Heavy-Duty Upright Vacuum,9.768,0.4439999999999999,4,0.3,4.545454545454544,1,1,2,Loss Maker
"Hoover Replacement Belts For Soft Guard & Commercial Ltweight Upright Vacs, 2/Pk",56.09,3.4759999999999995,5,0.2,6.197183098591548,1,1,2,Loss Maker
Hoover Shoulder Vac Commercial Portable Vacuum,5009.48,715.64,6,0.18333333333333335,14.285714285714288,4,4,8,Star Product
Hoover Upright Vacuum With Dirt Cup,6832.908,460.35269999999986,6,0.16666666666666666,6.737288135593218,4,4,8,Star Product
Hoover WindTunnel Plus Canister Vacuum,3051.3,697.44,3,0.06666666666666667,22.857142857142858,4,4,8,Star Product
"Hot File 7-Pocket, Floor Stand",8138.232,2016.711,13,0.07692307692307693,24.780701754385966,4,4,8,Star Product
"Howard Miller 11-1/2"" Diameter Brentwood Wall Clock",681.454,256.1922,4,0.15,37.594936708860764,3,4,7,Star Product
"Howard Miller 11-1/2"" Diameter Grantwood Wall Clock",500.308,101.7868,6,0.16666666666666666,20.344827586206897,3,3,6,Profitable
"Howard Miller 11-1/2"" Diameter Ridgewood Wall Clock",1184.232,448.76160000000004,6,0.09999999999999999,37.89473684210527,3,4,7,Star Product
"Howard Miller 12"" Round Wall Clock",479.33799999999997,127.2996,2,0.1,26.55737704918033,3,3,6,Profitable
Howard Miller 12-3/4 Diameter Accuwave DS  Wall Clock,786.9,147.9372,2,0.4,18.8,3,4,7,Star Product
"Howard Miller 13"" Diameter Goldtone Round Wall Clock",1042.068,294.3138,6,0.16666666666666666,28.243243243243242,3,4,7,Star Product
"Howard Miller 13"" Diameter Pewter Finish Round Wall Clock",1047.7359999999999,340.5142,7,0.1142857142857143,32.50000000000001,3,4,7,Star Product
"Howard Miller 13-1/2"" Diameter Rosebrook Wall Clock",949.026,247.57199999999997,5,0.2,26.08695652173913,3,4,7,Star Product
"Howard Miller 13-3/4"" Diameter Brushed Chrome Round Wall Clock",1324.8,201.82500000000002,9,0.13333333333333333,15.234375000000004,4,4,8,Star Product
"Howard Miller 14-1/2"" Diameter Chrome Round Wall Clock",1636.864,375.9672,7,0.11428571428571428,22.96875,4,4,8,Star Product
"Howard Miller 16"" Diameter Gallery Wall Clock",575.46,107.41919999999999,4,0.15,18.666666666666664,3,3,6,Profitable
Howard Miller Distant Time Traveler Alarm Clock,531.948,192.2142,6,0.13333333333333333,36.134020618556704,3,4,7,Star Product
"Hunt BOSTON Model 1606 High-Volume Electric Pencil Sharpener, Beige",1113.024,111.3024,1,0.2,10.000000000000002,3,3,6,Profitable
"Hunt BOSTON Vista Battery-Operated Pencil Sharpener, Black",83.952,15.857600000000001,4,0.15000000000000002,18.888888888888893,1,2,3,Risky
Hunt Boston Vacuum Mount KS Pencil Sharpener,671.808,153.95600000000002,5,0.08,22.916666666666668,3,4,7,Star Product
"Hunt PowerHouse Electric Pencil Sharpener, Blue",1617.9479999999999,448.164,10,0.06000000000000001,27.699530516431924,4,4,8,Star Product
Hypercom P1300 Pinpad,1108.8,275.31,7,0.17142857142857146,24.829545454545457,3,4,7,Star Product
I Need's 3d Hello Kitty Hybrid Silicone Case Cover for HTC One X 4g with 3d Hello Kitty Stylus Pen Green/pink,542.984,95.2016,10,0.12000000000000002,17.53303964757709,3,3,6,Profitable
I.R.I.S IRISCard Anywhere 5 Card Scanner,350.973,152.0883,1,0.1,43.333333333333336,3,4,7,Star Product
"IBM Multi-Purpose Copy Paper, 8 1/2 x 11"", Case",458.504,185.88,6,0.10000000000000002,40.54054054054054,3,4,7,Star Product
Ibico Covers for Plastic or Wire Binding Elements,184.0,57.5,7,0.2285714285714286,31.25,2,3,5,Profitable
Ibico EB-19 Dual Function Manual Binding System,3234.913,1086.3772,8,0.2375,33.582887700534755,4,4,8,Star Product
Ibico EPK-21 Electric Binding System,15875.916000000001,3345.2823,3,0.3333333333333333,21.07142857142857,4,4,8,Star Product
Ibico Hi-Tech Manual Binding System,5398.323,-304.99,11,0.4272727272727273,-5.649717514124294,4,1,5,Profitable
Ibico Ibimaster 300 Manual Binding System,7985.383,2318.337,8,0.16249999999999998,29.03225806451613,4,4,8,Star Product
Ibico Laser Imprintable Binding System Covers,1100.4,138.336,8,0.3625,12.571428571428573,3,3,6,Profitable
Ibico Plastic Spiral Binding Combs,1100.48,328.928,13,0.33076923076923076,29.889502762430936,3,4,7,Star Product
Ibico Plastic and Wire Spiral Binding Combs,208.221,21.580800000000004,9,0.35555555555555557,10.364372469635628,2,2,4,Risky
Ibico Presentation Index for Binding Systems,72.038,15.0842,7,0.2714285714285714,20.93922651933702,1,2,3,Risky
Ibico Recycled Grain-Textured Covers,141.614,3.4540000000000006,4,0.39999999999999997,2.439024390243903,2,1,3,Risky
Ibico Recycled Linen-Style Covers,749.952,262.4832,4,0.3,35.0,3,4,7,Star Product
Ibico Standard Transparent Covers,390.576,104.81280000000001,10,0.32999999999999996,26.83544303797468,3,3,6,Profitable
Iceberg Mobile Mega Data/Printer Cart ,5751.774,1388.6082,8,0.025,24.14225941422594,4,4,8,Star Product
"Iceberg Nesting Folding Chair, 19w x 6d x 43h",1589.406,253.8392,6,0.11666666666666668,15.970695970695973,4,4,8,Star Product
"Iceberg OfficeWorks 42"" Round Tables",3457.442,-392.54799999999994,7,0.19999999999999998,-11.353711790393012,4,1,5,Profitable
Ideal Clamps,58.69199999999999,24.8637,8,0.1,42.36301369863014,1,2,3,Risky
Imation Bio 2GB USB Flash Drive Imation Corp,2098.88,881.5296,3,0.0,42.0,4,4,8,Star Product
Imation Bio 8GB USB Flash Drive Imation Corp,2659.84,398.976,4,0.0,15.0,4,4,8,Star Product
Imation 16GB Mini TravelDrive USB 2.0 Flash Drive,1007.152,342.56419999999997,9,0.08888888888888889,34.01315789473684,3,4,7,Star Product
Imation 30456 USB Flash Drive 8GB,154.56,8.556,5,0.04,5.535714285714285,2,1,3,Risky
Imation 32GB Pocket Pro USB 3.0 Flash Drive - 32 GB - Black - 1 P ...,467.21999999999997,143.76,5,0.12000000000000002,30.76923076923077,3,4,7,Star Product
Imation 8GB Mini TravelDrive USB 2.0 Flash Drive,350.20399999999995,8.7551,3,0.06666666666666667,2.5000000000000004,3,1,4,Risky
Imation 8gb Micro Traveldrive Usb 2.0 Flash Drive,357.0,23.25,8,0.07500000000000001,6.512605042016808,3,2,5,Profitable
Imation Clip USB flash drive - 8 GB,443.68,1.88,7,0.08571428571428573,0.423728813559322,3,1,4,Risky
Imation Secure+ Hardware Encrypted USB 2.0 Flash Drive; 16GB,1926.9360000000001,408.744,5,0.16666666666666666,21.21212121212121,4,4,8,Star Product
Imation Secure Drive + Hardware Encrypted USB flash drive - 16 GB,888.966,196.0284,6,0.03333333333333333,22.05128205128205,3,4,7,Star Product
Imation Swivel Flash Drive USB flash drive - 8 GB,54.57599999999999,17.6235,2,0.1,32.29166666666667,1,2,3,Risky
Imation USB 2.0 Swivel Flash Drive USB flash drive - 4 GB - Pink,42.42,8.9082,3,0.0,21.000000000000004,1,1,2,Loss Maker
"Important Message Pads, 50 4-1/4 x 5-1/2 Forms per Pad",54.599999999999994,22.47,4,0.1,41.15384615384616,1,2,3,Risky
"Ink Jet Note and Greeting Cards, 8-1/2"" x 5-1/2"" Card Size",121.392,48.5568,3,0.06666666666666667,40.0,2,3,5,Profitable
Innergie mMini Combo Duo USB Travel Charging Kit,746.834,302.3328,6,0.10000000000000002,40.48192771084338,3,4,7,Star Product
Insertable Tab Indexes For Data Binders,17.49,-4.8336,5,0.6,-27.636363636363637,1,1,2,Loss Maker
Insertable Tab Post Binder Dividers,66.566,-39.699,8,0.575,-59.63855421686747,1,1,2,Loss Maker
"Inter-Office Recycled Envelopes, Brown Kraft, Button-String,10"" x 13"" , 100/Box",197.82,81.326,3,0.06666666666666667,41.11111111111111,2,3,5,Profitable
"Iris 3-Drawer Stacking Bin, Black",284.104,-43.4512,3,0.13333333333333333,-15.294117647058824,2,1,3,Risky
Iris Project Case,225.036,47.88,6,0.06666666666666667,21.27659574468085,2,3,5,Profitable
"It's Hot Message Books with Stickers, 2 3/4"" x 5""",161.32,59.56999999999999,6,0.13333333333333333,36.92660550458715,2,3,5,Profitable
JBL Micro Wireless Portable Bluetooth Speaker,779.87,14.997499999999995,6,0.23333333333333336,1.9230769230769225,3,2,5,Profitable
JM Magazine Binder,204.72400000000002,50.1904,6,0.21666666666666667,24.51612903225806,2,3,5,Profitable
Jabra BIZ 2300 Duo QD Duo Corded Headset,1727.0639999999999,129.5298,4,0.2,7.5,4,3,7,Star Product
Jabra SPEAK 410,3158.064,654.1704,9,0.08888888888888889,20.714285714285715,4,4,8,Star Product
Jabra SPEAK 410 Multidevice Speakerphone,2018.702,10.299500000000009,3,0.26666666666666666,0.5102040816326535,4,2,6,Profitable
Jabra Supreme Plus Driver Edition Headset,2159.82,259.1784,5,0.16,12.0,4,4,8,Star Product
Jackery Bar Premium Fast-charging Portable Charger,467.22,192.279,4,0.15000000000000002,41.15384615384615,3,4,7,Star Product
Jawbone JAMBOX Wireless Bluetooth Speaker,2022.272,872.1048000000001,3,0.06666666666666667,43.125,4,4,8,Star Product
Jawbone MINI JAMBOX Wireless Bluetooth Speaker,2027.304,-339.7104,5,0.16,-16.756756756756754,4,1,5,Profitable
Jensen SMPS-640 - speaker phone,496.584,88.28160000000001,4,0.1,17.777777777777782,3,3,6,Profitable
Jet-Pak Recycled Peel 'N' Seal Padded Mailers,552.706,177.6555,4,0.15000000000000002,32.14285714285714,3,4,7,Star Product
Jiffy Padded Mailers with Self-Seal Closure,29.808,10.8054,1,0.2,36.25000000000001,1,2,3,Risky
KI Adjustable-Height Table,4552.641,-248.48219999999998,18,0.2361111111111111,-5.457979225684608,4,1,5,Profitable
KI Conference Tables,2140.878,-479.2164,8,0.325,-22.3841059602649,4,1,5,Profitable
KLD Oscar II Style Snap-on Ultra Thin Side Flip Synthetic Leather Cover Case for HTC One HTC M7,126.36000000000001,36.644400000000005,3,0.0,28.999999999999996,2,2,4,Risky
Kensington 4 Outlet MasterPiece Compact Power Control Center,2488.392,380.5776,7,0.17142857142857146,15.294117647058824,4,4,8,Star Product
Kensington 6 Outlet Guardian Standard Surge Protector,409.6,110.592,6,0.0,26.999999999999996,3,3,6,Profitable
Kensington 6 Outlet MasterPiece HOMEOFFICE Power Control Center,812.1600000000001,235.52639999999997,2,0.0,28.999999999999993,3,4,7,Star Product
Kensington 6 Outlet SmartSocket Surge Protector,147.528,-36.882000000000005,2,0.4,-25.000000000000007,2,1,3,Risky
Kensington 7 Outlet MasterPiece HOMEOFFICE Power Control Center,2491.28,563.816,5,0.2,22.631578947368418,4,4,8,Star Product
Kensington 7 Outlet MasterPiece Power Center,2883.276,229.59420000000003,5,0.2,7.962962962962965,4,4,8,Star Product
Kensington 7 Outlet MasterPiece Power Center with Fax/Phone Line Protection,1473.108,311.22,4,0.07500000000000001,21.126760563380284,4,4,8,Star Product
Kensington Expert Mouse Optical USB Trackball for PC or Mac,1690.8220000000001,360.962,6,0.10000000000000002,21.34831460674157,4,4,8,Star Product
Kensington K72356US Mouse-in-a-Box USB Desktop Mouse,321.846,106.176,6,0.03333333333333333,32.98969072164948,3,3,6,Profitable
Kensington Orbit Wireless Mobile Trackball for PC and Mac,1703.7160000000001,357.5404,5,0.16,20.985915492957744,4,4,8,Star Product
Kensington SlimBlade Notebook Wireless Mouse with Nano Receiver ,549.89,120.9758,4,0.15000000000000002,22.000000000000004,3,3,6,Profitable
KeyTronic 6101 Series - Keyboard - Black,360.712,127.06899999999999,2,0.1,35.22727272727273,3,3,6,Profitable
KeyTronic E03601U1 - Keyboard - Beige,324.0,58.32,6,0.0,18.0,3,3,6,Profitable
KeyTronic KT400U2 - Keyboard - Black,148.03199999999998,24.672,3,0.06666666666666667,16.666666666666668,2,2,4,Risky
KeyTronic KT800P2 - Keyboard - Black,75.1,1.2015999999999998,3,0.13333333333333333,1.5999999999999996,1,1,2,Loss Maker
Kingston Digital DataTraveler 16GB USB 2.0,477.93,64.7085,13,0.06153846153846154,13.539325842696629,3,3,6,Profitable
Kingston Digital DataTraveler 32GB USB 2.0,355.95,5.4239999999999995,7,0.05714285714285715,1.5238095238095237,3,1,4,Risky
Kingston Digital DataTraveler 64GB USB 2.0,202.68,16.2144,2,0.0,8.0,2,2,4,Risky
Kingston Digital DataTraveler 8GB USB 2.0,44.03,-2.0229999999999997,3,0.13333333333333333,-4.594594594594594,1,1,2,Loss Maker
Kleencut Forged Office Shears by Acme United Corporation,9.568,2.2880000000000003,2,0.1,23.913043478260875,1,1,2,Loss Maker
Konftel 250 Conference phone - Charcoal black,2221.596,324.69480000000004,4,0.1,14.615384615384617,4,4,8,Star Product
Konica Minolta magicolor 1690MF Multifunction Printer,319.92,118.3704,1,0.0,37.0,3,3,6,Profitable
"LF Elite 3D Dazzle Designer Hard Case Cover, Lf Stylus Pen and Wiper For Apple Iphone 5c Mini Lite",261.6,41.856,8,0.1,16.0,2,2,4,Risky
LG Electronics Tone+ HBS-730 Bluetooth Headset,904.5519999999999,133.30239999999998,4,0.15000000000000002,14.736842105263156,3,3,6,Profitable
LG Exalt,1154.326,-212.14640000000003,3,0.3333333333333333,-18.37837837837838,3,1,4,Risky
LG G2,1499.97,-374.9925,1,0.4,-25.0,4,1,5,Profitable
LG G3,1803.108,411.579,4,0.1,22.826086956521742,4,4,8,Star Product
Laminate Occasional Tables,2096.168,-206.5342,3,0.2333333333333333,-9.852941176470589,4,1,5,Profitable
Large Capacity Hanging Post Binders,276.945,-19.461000000000006,5,0.45999999999999996,-7.027027027027029,2,1,3,Risky
Laser & Ink Jet Business Envelopes,198.462,83.226,5,0.04,41.935483870967744,2,3,5,Profitable
"Leather Task Chair, Black",1437.484,54.588,6,0.19999999999999998,3.79746835443038,4,3,7,Star Product
Lenovo 17-Key USB Numeric Keypad,367.092,22.433400000000002,5,0.16,6.1111111111111125,3,2,5,Profitable
"Lesro Round Back Collection Coffee Table, End Table",2847.7799999999997,-328.59,8,0.2875,-11.538461538461538,4,1,5,Profitable
"Lesro Sheffield Collection Coffee Table, End Table, Center Table, Corner Table",2298.114,-12.132900000000003,9,0.17777777777777778,-0.5279503105590063,4,1,5,Profitable
Letter Size Cart,4600.092,1252.8822,8,0.05,27.236024844720497,4,4,8,Star Product
Letter Size File,341.41999999999996,59.55,2,0.1,17.441860465116278,3,3,6,Profitable
Letter Slitter,10.08,0.3024,2,0.0,3.0,1,1,2,Loss Maker
Letter or Legal Size Expandable Poly String Tie Envelopes,36.708,15.0024,4,0.1,40.869565217391305,1,2,3,Risky
"Letter/Legal File Tote with Clear Snap-On Lid, Black Granite",218.416,52.0344,4,0.05,23.823529411764703,2,3,5,Profitable
Lexmark 20R1285 X6650 Wireless All-in-One Printer,600.0,218.4,2,0.25,36.4,3,4,7,Star Product
Lexmark MX611dhe Monochrome Laser Printer,16829.901,-4589.973,4,0.4,-27.27272727272727,4,1,5,Profitable
Lexmark MarkNet N8150 Wireless Print Server,723.51,-506.457,2,0.7,-70.0,3,1,4,Risky
Lexmark S315 Color Inkjet Printer,299.97,34.996500000000005,2,0.44999999999999996,11.666666666666666,2,2,4,Risky
Lexmark X 9575 Professional All-in-One Color Printer,396.0,190.08,1,0.0,48.00000000000001,3,4,7,Star Product
"Lifetime Advantage Folding Chairs, 4/Carton",5212.112,972.6368,7,0.14285714285714285,18.661087866108787,4,4,8,Star Product
"Linden 10"" Round Wall Clock, Black",253.648,41.8672,6,0.16666666666666666,16.50602409638554,2,2,4,Risky
"Linden 12"" Wall Clock With Oak Frame",101.94,30.582,1,0.0,30.0,2,2,4,Risky
Lock-Up Easel 'Spel-Binder',704.691,39.3714,7,0.4857142857142857,5.587044534412955,3,2,5,Profitable
Logitech 910-002974 M325 Wireless Mouse for Web Scrolling,1409.53,536.2212000000001,15,0.09333333333333334,38.04255319148936,4,4,8,Star Product
"Logitech B530 USB Headset - headset - Full size, Binaural",739.8,64.73249999999999,10,0.16,8.75,3,3,6,Profitable
Logitech ClearChat Comfort/USB Headset H390,533.078,160.2163,6,0.06666666666666667,30.054945054945055,3,4,7,Star Product
Logitech Desktop MK120 Mouse and keyboard Combo,778.736,42.536,12,0.06666666666666667,5.46218487394958,3,2,5,Profitable
Logitech G105 Gaming Keyboard,759.936,78.36840000000001,5,0.12000000000000002,10.3125,3,3,6,Profitable
Logitech G13 Programmable Gameboard with LCD Display,1039.87,43.194599999999994,4,0.1,4.153846153846154,3,2,5,Profitable
Logitech G19 Programmable Gaming Keyboard,4389.246,729.0612,8,0.025,16.610169491525422,4,4,8,Star Product
Logitech G35 7.1-Channel Surround Sound Headset,2157.8340000000003,699.3462,6,0.03333333333333333,32.40963855421686,4,4,8,Star Product
Logitech G430 Surround Sound Gaming Headset with Dolby 7.1 Technology,1247.844,377.5528,4,0.05,30.256410256410255,4,4,8,Star Product
Logitech G500s Laser Gaming Mouse with Adjustable Weight Tuning,1399.8,429.7386,4,0.05,30.700000000000006,4,4,8,Star Product
Logitech G600 MMO Gaming Mouse,1615.798,540.7324,8,0.025,33.46534653465346,4,4,8,Star Product
Logitech G602 Wireless Gaming Mouse,1999.75,515.1356000000001,9,0.1111111111111111,25.760000000000005,4,4,8,Star Product
Logitech G700s Rechargeable Gaming Mouse,2339.766,889.9110000000001,9,0.08888888888888889,38.03418803418804,4,4,8,Star Product
Logitech Illuminated Ultrathin Keyboard with Backlighting,170.97,70.0977,1,0.0,41.0,2,3,5,Profitable
Logitech K350 2.4Ghz Wireless Keyboard,1154.664,47.2815,5,0.08,4.094827586206897,3,3,6,Profitable
Logitech Keyboard K120,174.24,-19.602,3,0.20000000000000004,-11.25,2,1,3,Risky
Logitech M510 Wireless Mouse,239.94,52.3869,3,0.13333333333333333,21.833333333333332,2,3,5,Profitable
Logitech Media Keyboard K200,503.856,50.3856,4,0.1,10.0,3,3,6,Profitable
Logitech Mobile Speakerphone P710e - speaker phone,1916.716,241.6142,5,0.16,12.605633802816904,4,4,8,Star Product
Logitech Trackman Marble Mouse,773.742,286.70439999999996,9,0.08888888888888889,37.05426356589147,3,4,7,Star Product
Logitech Wireless Anywhere Mouse MX for PC and Mac,551.908,89.985,3,0.13333333333333333,16.304347826086957,3,3,6,Profitable
Logitech Wireless Gaming Headset G930,2879.82,763.1523,6,0.13333333333333333,26.499999999999996,4,4,8,Star Product
Logitech Wireless Headset H600 Over-The-Head Design,386.90999999999997,133.269,2,0.1,34.44444444444445,3,3,6,Profitable
Logitech Wireless Headset h800,2799.72,719.928,6,0.06666666666666667,25.71428571428572,4,4,8,Star Product
Logitech Wireless Marathon Mouse M705,1409.718,554.889,8,0.05,39.361702127659576,4,4,8,Star Product
Logitech Wireless Performance Mouse MX for PC and Mac,1799.82,497.9502,7,0.1142857142857143,27.666666666666668,4,4,8,Star Product
Logitech Wireless Touch Keyboard K400,364.854,53.7285,3,0.06666666666666667,14.726027397260275,3,3,6,Profitable
Logitech diNovo Edge Keyboard,7399.704,1432.4427,5,0.04,19.35810810810811,4,4,8,Star Product
Logitech Gaming G510s - Keyboard,2362.7219999999998,676.5204,8,0.07500000000000001,28.63309352517986,4,4,8,Star Product
Logitech Illuminated - Keyboard,1139.81,515.914,6,0.03333333333333333,45.26315789473684,3,4,7,Star Product
Logitech LS21 Speaker System - PC Multimedia - 2.1-CH - Wired,207.896,62.7686,6,0.03333333333333333,30.192307692307697,2,3,5,Profitable
Logitech MX Performance Wireless Mouse,789.822,211.8159,7,0.1142857142857143,26.81818181818182,3,4,7,Star Product
Logitech P710e Mobile Speakerphone,10196.604,1645.3611,9,0.06666666666666668,16.136363636363637,4,4,8,Star Product
Logitech VX Revolution Cordless Laser Mouse for Notebooks (Black),3743.7920000000004,21.598799999999997,5,0.08,0.5769230769230768,4,2,6,Profitable
"Logitech Wireless Boombox Speaker - portable - wireless, wired",383.04,148.96,2,0.1,38.88888888888889,3,4,7,Star Product
Logitech Z-906 Speaker sys - home theater - 5.1-CH,5609.83,2243.932,4,0.0,40.0,4,4,8,Star Product
Longer-Life Soft White Bulbs,115.192,44.7216,10,0.12,38.82352941176471,2,2,4,Risky
Loose Memo Sheets,18.25,8.5775,2,0.0,47.0,1,1,2,Loss Maker
Lumber Crayons,171.39,55.357,6,0.13333333333333333,32.298850574712645,2,3,5,Profitable
Lunatik TT5L-002 Taktik Strike Impact Protection System for iPhone 5,281.658,6.123,3,0.26666666666666666,2.1739130434782608,2,1,3,Risky
Luxo Adjustable Task Clamp Lamp,1545.816,362.46720000000005,4,0.05,23.448275862068968,4,4,8,Star Product
Luxo Economy Swing Arm Lamp,338.98,94.9144,5,0.0,27.999999999999996,3,3,6,Profitable
Luxo Professional Combination Clamp-On Lamps,1329.9,345.774,5,0.0,26.0,4,4,8,Star Product
Luxo Professional Fluorescent Magnifier Lamp with Clamp-Mount Base,3861.056,289.5791999999999,5,0.2,7.499999999999997,4,4,8,Star Product
Luxo Professional Magnifying Clamp-On Fluorescent Lamps,1268.922,106.09020000000001,4,0.05,8.360655737704919,4,3,7,Star Product
Macally Suction Cup Mount,279.63,-31.07,4,0.15000000000000002,-11.111111111111112,2,1,3,Risky
Magna Visual Magnetic Picture Hangers,84.83200000000001,28.0524,6,0.10000000000000002,33.06818181818181,1,2,3,Risky
Magnifier Swing Arm Lamp,251.76000000000002,65.4576,5,0.0,25.999999999999996,2,3,5,Profitable
Manco Dry-Lighter Erasable Highlighter,88.16,27.968,7,0.028571428571428574,31.724137931034484,1,2,3,Risky
"Manila Recycled Extra-Heavyweight Clasp Envelopes, 6"" x 9""",125.172,52.3746,4,0.15000000000000002,41.8421052631579,2,3,5,Profitable
Martin Yale Chadless Opener Electric Letter Opener,16656.2,-1299.1836,6,0.10000000000000002,-7.8,4,1,5,Profitable
Martin-Yale Premier Letter Opener,236.99200000000002,-12.879999999999999,7,0.08571428571428573,-5.434782608695651,2,1,3,Risky
"Master Big Foot Doorstop, Beige",152.064,42.768,6,0.03333333333333333,28.125,2,2,4,Risky
"Master Caster Door Stop, Brown",176.784,49.3776,9,0.1111111111111111,27.93103448275862,2,3,5,Profitable
"Master Caster Door Stop, Gray",47.752,14.224,4,0.15,29.78723404255319,1,2,3,Risky
"Master Caster Door Stop, Large Brown",59.696,14.56,3,0.19999999999999998,24.39024390243903,1,2,3,Risky
"Master Caster Door Stop, Large Neon Orange",154.336,42.2968,7,0.17142857142857143,27.405660377358487,2,2,4,Risky
"Master Giant Foot Doorstop, Safety Yellow",83.49,31.5744,3,0.06666666666666667,37.81818181818182,1,2,3,Risky
Maxell 4.7GB DVD+R 5/Pack,11.682,4.6035,5,0.08,39.40677966101695,1,1,2,Loss Maker
Maxell 4.7GB DVD+RW 3/Pack,264.438,88.4115,4,0.05,33.43373493975904,2,3,5,Profitable
Maxell 4.7GB DVD-R,1231.692,411.2262,11,0.1272727272727273,33.387096774193544,4,4,8,Star Product
Maxell 4.7GB DVD-R 5/Pack,19.008,7.3656,5,0.08,38.75,1,1,2,Loss Maker
Maxell 4.7GB DVD-RW 3/Pack,146.55599999999998,41.418,4,0.1,28.260869565217394,2,2,4,Risky
"Maxell 74 Minute CD-R Spindle, 50/Pack",503.28,181.1808,5,0.0,36.00000000000001,3,4,7,Star Product
"Maxell 74 Minute CDR, 10/Pack",232.764,72.5676,5,0.08,31.176470588235293,2,3,5,Profitable
Maxell CD-R Discs,15.76,3.7036,3,0.13333333333333333,23.5,1,1,2,Loss Maker
Maxell DVD-RAM Discs,296.64,127.5552,3,0.0,43.0,2,3,5,Profitable
"Maxell Pro 80 Minute CD-R, 10/Pack",374.072,122.36,4,0.1,32.71028037383177,3,3,6,Profitable
Maxell LTO Ultrium - 800 GB,1086.012,156.4641,8,0.07500000000000001,14.407216494845363,3,4,7,Star Product
Maxell iVDR EX 500GB Cartridge,2755.4,1184.8220000000001,2,0.0,43.00000000000001,4,4,8,Star Product
"Mead 1st Gear 2"" Zipper Binder, Asst. Colors",54.474000000000004,-3.891,3,0.5333333333333333,-7.142857142857142,1,1,2,Loss Maker
Mediabridge Sport Armband iPhone 5s,257.742,-38.961,7,0.14285714285714285,-15.11627906976744,2,1,3,Risky
"Memo Book, 100 Message Capacity, 5 3/8” x 11”",76.836,36.396,3,0.06666666666666667,47.36842105263158,1,2,3,Risky
"Memorex 25GB 6X Branded Blu-Ray Recordable Disc, 15/Pack",373.78,24.8054,5,0.16,6.636363636363636,3,2,5,Profitable
"Memorex 25GB 6X Branded Blu-Ray Recordable Disc, 30/Pack",472.86,-32.2695,4,0.1,-6.824324324324324,3,1,4,Risky
Memorex Froggy Flash Drive 4 GB,136.276,42.4214,5,0.08,31.129032258064516,2,2,4,Risky
Memorex Froggy Flash Drive 8 GB,536.05,189.57,8,0.07500000000000001,35.36423841059603,3,4,7,Star Product
Memorex Micro Travel Drive 16 GB,556.452,126.1611,6,0.08571428571428573,22.67241379310345,3,3,6,Profitable
Memorex Micro Travel Drive 32 GB,379.70399999999995,129.97560000000001,5,0.12000000000000002,34.23076923076923,3,3,6,Profitable
Memorex Micro Travel Drive 4 GB,103.88,37.418,3,0.06666666666666667,36.0204081632653,2,2,4,Risky
Memorex Micro Travel Drive 8 GB,299.0,113.1,8,0.1,37.826086956521735,2,3,5,Profitable
Memorex Mini Travel Drive 16 GB USB 2.0 Flash Drive,718.65,280.2735,6,0.0,39.0,3,4,7,Star Product
Memorex Mini Travel Drive 32 GB USB 2.0 Flash Drive,280.0,109.19999999999999,2,0.0,38.99999999999999,2,3,5,Profitable
Memorex Mini Travel Drive 4 GB USB 2.0 Flash Drive,13.616,3.5742,1,0.2,26.25,1,1,2,Loss Maker
Memorex Mini Travel Drive 64 GB USB 2.0 Flash Drive,543.6,228.312,6,0.0,42.0,3,4,7,Star Product
Memorex Mini Travel Drive 8 GB USB 2.0 Flash Drive,194.54399999999998,53.268,5,0.16,27.380952380952383,2,3,5,Profitable
"Message Book, Phone, Wirebound Standard Line Memo, 2 3/4"" X 5""",119.21,52.007,5,0.04,43.62637362637363,2,3,5,Profitable
"Message Book, Standard Line ""While You Were Out"", 5 1/2"" X 4"", 200 Sets/Book",51.36,24.139200000000002,2,0.0,47.0,1,2,3,Risky
"Message Book, Wirebound, Four 5 1/2"" X 4"" Forms/Pg., 200 Dupl. Sets/Book",152.144,54.0728,6,0.16666666666666666,35.54054054054054,2,3,5,Profitable
"Metal Folding Chairs, Beige, 4/Carton",685.588,115.7354,5,0.12,16.88118811881188,3,3,6,Profitable
Micro Innovations USB RF Wireless Keyboard with Mouse,440.0,84.5,6,0.03333333333333333,19.204545454545453,3,3,6,Profitable
Micro Innovations Wireless Classic Keyboard with Mouse,107.964,9.5968,2,0.1,8.88888888888889,2,1,3,Risky
Micropad Numeric Keypads,291.85400000000004,66.9665,4,0.05,22.94520547945205,2,3,5,Profitable
Microsoft Arc Touch Mouse,359.70000000000005,91.124,2,0.1,25.33333333333333,3,3,6,Profitable
Microsoft Natural Ergonomic Keyboard 4000,557.814,107.66409999999999,5,0.04,19.301075268817204,3,3,6,Profitable
Microsoft Natural Keyboard Elite,1497.0,20.957999999999995,4,0.15000000000000002,1.3999999999999997,4,2,6,Profitable
Microsoft Sculpt Comfort Mouse,1574.03,634.406,10,0.06000000000000001,40.304568527918775,4,4,8,Star Product
Microsoft Wireless Mobile Mouse 4000,591.852,183.954,4,0.05,31.081081081081084,3,4,7,Star Product
"Mini 13-1/2 Capacity Data Binder Rack, Pearl",1465.7440000000001,287.914,5,0.08,19.64285714285714,4,4,8,Star Product
Mitel 5320 IP Phone VoIP phone,2116.688,211.66879999999998,4,0.2,9.999999999999998,4,4,8,Star Product
Mitel MiVoice 5330e IP Phone,7699.72,780.9716,9,0.17777777777777778,10.142857142857142,4,4,8,Star Product
Mobile Personal File Cube,449.664,90.6354,5,0.04,20.15625,3,3,6,Profitable
Model L Table or Wall-Mount Pencil Sharpener,402.976,92.10879999999999,5,0.08,22.857142857142854,3,3,6,Profitable
Mophie Juice Pack Helium for iPhone,1583.8020000000001,201.57479999999998,6,0.16666666666666666,12.727272727272727,4,4,8,Star Product
Motorla HX550 Universal Bluetooth Headset,419.23,122.60499999999999,4,0.25,29.245283018867923,3,3,6,Profitable
Motorola Droid Maxx,2609.826,341.9772,4,0.15000000000000002,13.103448275862068,4,4,8,Star Product
Motorola HK250 Universal Bluetooth Headset,832.238,-91.5002,9,0.13333333333333336,-10.994475138121548,3,1,4,Risky
Motorola L703CM,4211.73,467.97,6,0.16666666666666666,11.111111111111112,4,4,8,Star Product
Motorola L804,607.068,-13.337100000000003,6,0.26666666666666666,-2.1969696969696977,3,1,4,Risky
Motorola Moto X,1631.952,142.79579999999999,2,0.2,8.75,4,3,7,Star Product
"Multi-Use Personal File Cart and Caster Set, Three Stacking Bins",368.45599999999996,93.15679999999999,5,0.04,25.28301886792453,3,3,6,Profitable
Multicolor Computer Printout Paper,1887.3,851.3820000000001,5,0.04,45.111111111111114,4,4,8,Star Product
Multimedia Mailers,325.86,149.8956,1,0.0,46.0,3,4,7,Star Product
NETGEAR AC1750 Dual Band Gigabit Smart WiFi Router,2623.8360000000002,723.1548,5,0.04,27.560975609756095,4,4,8,Star Product
NETGEAR N750 Dual Band Wi-Fi Gigabit Router,1890.0,622.8,7,0.05714285714285715,32.95238095238095,4,4,8,Star Product
NETGEAR RangeMax WNR1000 Wireless Router,59.976,11.9952,1,0.2,20.0,1,2,3,Risky
"Neat Ideas Personal Hanging Folder Files, Black",276.658,58.0176,7,0.1142857142857143,20.97087378640777,2,3,5,Profitable
NeatDesk Desktop Scanner & Digital Filing System,479.988,55.9986,1,0.4,11.666666666666666,3,3,6,Profitable
Newell 3-Hole Punched Plastic Slotted Magazine Holders for Binders,51.184000000000005,3.6559999999999993,6,0.43333333333333335,7.1428571428571415,1,1,2,Loss Maker
Newell 307,19.292,3.5672,3,0.06666666666666667,18.49056603773585,1,1,2,Loss Maker
Newell 308,8.4,2.1,2,0.0,25.0,1,1,2,Loss Maker
Newell 309,196.35000000000002,34.65,5,0.12000000000000002,17.64705882352941,2,2,4,Risky
Newell 31,94.99000000000001,23.6236,5,0.04,24.8695652173913,1,2,3,Risky
Newell 310,38.72,7.48,7,0.1142857142857143,19.31818181818182,1,1,2,Loss Maker
Newell 311,61.438,13.039,8,0.07500000000000001,21.22302158273381,1,2,3,Risky
Newell 312,234.768,34.456,11,0.16363636363636364,14.676616915422889,2,2,4,Risky
Newell 313,28.208,4.264,3,0.13333333333333333,15.116279069767444,1,1,2,Loss Maker
Newell 314,118.296,17.856,7,0.08571428571428573,15.09433962264151,2,2,4,Risky
Newell 315,145.912,33.787,6,0.03333333333333333,23.15573770491803,2,2,4,Risky
Newell 316,46.944,8.2152,2,0.1,17.5,1,1,2,Loss Maker
Newell 317,79.96799999999999,13.1712,7,0.1142857142857143,16.47058823529412,1,2,3,Risky
Newell 318,61.716,14.4004,5,0.04,23.333333333333332,1,2,3,Risky
Newell 319,511.872,123.00800000000001,8,0.1,24.031007751937985,3,3,6,Profitable
Newell 32,47.232,11.9808,6,0.03333333333333333,25.365853658536587,1,2,3,Risky
Newell 320,81.32,9.4588,7,0.17142857142857146,11.631578947368421,1,1,2,Loss Maker
Newell 321,65.6,14.3664,4,0.1,21.900000000000002,1,2,3,Risky
Newell 322,30.576,6.6612,6,0.06666666666666667,21.785714285714285,1,1,2,Loss Maker
Newell 323,21.168,3.7632000000000003,3,0.06666666666666667,17.777777777777782,1,1,2,Loss Maker
Newell 324,263.34000000000003,72.072,7,0.028571428571428574,27.368421052631575,2,3,5,Profitable
Newell 325,128.03,29.736,6,0.10000000000000002,23.225806451612904,2,2,4,Risky
Newell 326,36.608,7.8671999999999995,6,0.06666666666666667,21.490384615384617,1,1,2,Loss Maker
Newell 327,39.78,10.7406,4,0.0,27.0,1,2,3,Risky
Newell 328,75.92,19.7392,3,0.0,26.0,1,2,3,Risky
Newell 329,24.272,4.8544,2,0.1,20.0,1,1,2,Loss Maker
Newell 33,47.988,8.37,3,0.13333333333333333,17.441860465116278,1,1,2,Loss Maker
Newell 330,59.800000000000004,11.1228,4,0.05,18.599999999999998,1,2,3,Risky
Newell 331,75.306,14.6211,4,0.1,19.415584415584416,1,2,3,Risky
Newell 332,67.032,15.5232,5,0.04,23.157894736842106,1,2,3,Risky
Newell 333,86.73599999999999,18.848399999999998,11,0.05454545454545456,21.73076923076923,1,2,3,Risky
Newell 334,531.712,135.30880000000002,6,0.03333333333333333,25.447761194029855,3,3,6,Profitable
Newell 335,34.56,10.0224,4,0.0,28.999999999999996,1,1,2,Loss Maker
Newell 336,68.48,13.781600000000001,4,0.1,20.125,1,2,3,Risky
Newell 337,10.496,1.1808,2,0.2,11.25,1,1,2,Loss Maker
Newell 338,23.52,6.3504000000000005,2,0.0,27.0,1,1,2,Loss Maker
Newell 339,26.688000000000002,6.116,3,0.06666666666666667,22.916666666666664,1,1,2,Loss Maker
Newell 34,460.288,93.248,7,0.05714285714285715,20.258620689655174,3,3,6,Profitable
Newell 340,25.92,7.5168,2,0.0,28.999999999999996,1,1,2,Loss Maker
Newell 341,96.72800000000001,26.8356,7,0.028571428571428574,27.743362831858402,1,2,3,Risky
Newell 342,9.84,2.8536,1,0.0,29.000000000000004,1,1,2,Loss Maker
Newell 343,65.268,13.7592,7,0.05714285714285715,21.08108108108108,1,2,3,Risky
Newell 344,45.592,8.5624,6,0.06666666666666667,18.78048780487805,1,1,2,Loss Maker
Newell 345,476.16,94.4384,9,0.06666666666666668,19.833333333333332,3,3,6,Profitable
Newell 346,31.104,8.6112,5,0.04,27.685185185185183,1,1,2,Loss Maker
Newell 347,127.54400000000001,30.3024,7,0.08571428571428573,23.758389261744963,2,2,4,Risky
Newell 348,65.6,9.7088,6,0.16666666666666666,14.800000000000002,1,1,2,Loss Maker
Newell 349,42.64,10.0368,3,0.06666666666666667,23.538461538461537,1,1,2,Loss Maker
Newell 35,93.152,23.288,9,0.06666666666666668,25.0,1,2,3,Risky
Newell 350,62.32,15.744,6,0.06666666666666667,25.263157894736842,1,2,3,Risky
Newell 351,82.656,22.107200000000002,7,0.028571428571428574,26.746031746031747,1,2,3,Risky
Newell Chalk Holder,83.426,36.5918,7,0.05714285714285715,43.86138613861386,1,2,3,Risky
Nokia Lumia 1020,1439.968,143.9968,1,0.2,10.0,4,4,8,Star Product
Nokia Lumia 521 (T-Mobile),515.828,83.972,5,0.16,16.279069767441857,3,3,6,Profitable
Nokia Lumia 925,1310.296,284.7374,3,0.06666666666666667,21.73076923076923,4,4,8,Star Product
Nontoxic Chalk,42.944,18.233600000000003,8,0.07500000000000001,42.459016393442624,1,2,3,Risky
Nortel Business Series Terminal T7208 Digital phone,1000.728,100.0728,3,0.20000000000000004,10.0,3,3,6,Profitable
Nortel Meridian M3904 Professional Digital phone,4434.912,936.2592,10,0.08,21.111111111111107,4,4,8,Star Product
Nortel Meridian M5316 Digital phone,2744.87,253.77100000000002,4,0.2,9.245283018867925,4,4,8,Star Product
Nortel Networks T7316 E Nt8 B27,1876.524,397.7415,6,0.06666666666666667,21.195652173913043,4,4,8,Star Product
Novimex Fabric Task Chair,1890.3799999999999,-131.107,9,0.1888888888888889,-6.935483870967743,4,1,5,Profitable
Novimex High-Tech Fabric Mesh Task Chair,922.74,-133.4424,4,0.15000000000000002,-14.461538461538462,3,1,4,Risky
Novimex Swivel Fabric Task Chair,2913.9139999999998,-445.391,8,0.2,-15.28497409326425,4,1,5,Profitable
Novimex Turbo Task Chair,1341.5220000000002,-32.6508,6,0.13333333333333333,-2.4338624338624335,4,1,5,Profitable
Nu-Dell EZ-Mount Plastic Wall Frames,19.7,0.7879999999999998,2,0.3,3.9999999999999996,1,1,2,Loss Maker
Nu-Dell Executive Frame,409.536,98.97120000000001,6,0.16666666666666666,24.16666666666667,3,3,6,Profitable
Nu-Dell Float Frame 11 x 14 1/2,170.62,56.0352,7,0.17142857142857143,32.8421052631579,2,3,5,Profitable
Nu-Dell Leatherette Frames,246.64800000000002,81.4512,3,0.06666666666666667,33.02325581395348,2,3,5,Profitable
Nu-Dell Oak Frame,151.656,35.4576,3,0.13333333333333333,23.380281690140844,2,2,4,Risky
O'Sullivan 2-Door Barrister Bookcase in Odessa Pine,4886.46,566.4674,7,0.15,11.592592592592592,4,4,8,Star Product
O'Sullivan 2-Shelf Heavy-Duty Bookcases,723.842,-133.1092,6,0.18333333333333335,-18.389261744966444,3,1,4,Risky
O'Sullivan 3-Shelf Heavy-Duty Bookcases,1119.195,147.0942,5,0.16999999999999998,13.142857142857146,3,4,7,Star Product
O'Sullivan 4-Shelf Bookcase in Odessa Pine,2740.197,-975.0988,7,0.4214285714285714,-35.5849889624724,4,1,5,Profitable
O'Sullivan 5-Shelf Heavy-Duty Bookcases,540.804,-12.290999999999997,4,0.175,-2.272727272727272,3,1,4,Risky
O'Sullivan Cherrywood Estates Traditional Barrister Bookcase,1072.344,-78.36359999999999,2,0.15,-7.307692307692307,3,1,4,Risky
O'Sullivan Cherrywood Estates Traditional Bookcase,424.90000000000003,27.193599999999996,2,0.1,6.399999999999999,3,2,5,Profitable
"O'Sullivan Elevations Bookcase, Cherry Finish",1912.308,-68.1096,5,0.2,-3.5616438356164384,4,1,5,Profitable
O'Sullivan Living Dimensions 2-Shelf Bookcases,2970.059,-78.637,10,0.11000000000000001,-2.6476578411405294,4,1,5,Profitable
O'Sullivan Living Dimensions 3-Shelf Bookcases,2904.161,-170.83299999999997,4,0.2,-5.882352941176469,4,1,5,Profitable
O'Sullivan Living Dimensions 5-Shelf Bookcases,3420.7704,-755.7516,6,0.24,-22.093023255813957,4,1,5,Profitable
O'Sullivan Manor Hill 2-Door Library in Brianna Oak,1646.9180000000001,-285.9484,4,0.2475,-17.36263736263736,4,1,5,Profitable
O'Sullivan Plantations 2-Door Library in Landvery Oak,2946.3668,-767.7436,5,0.332,-26.05729877216917,4,1,5,Profitable
"OIC #2 Pencils, Medium Soft",30.832,8.1404,7,0.05714285714285715,26.40243902439024,1,1,2,Loss Maker
OIC Binder Clips,128.164,60.144,7,0.028571428571428574,46.92737430167598,2,3,5,Profitable
"OIC Binder Clips, Mini, 1/4"" Capacity, Black",15.623999999999999,7.0804,5,0.04,45.31746031746032,1,1,2,Loss Maker
OIC Bulk Pack Metal Binder Clips,92.136,35.598,8,0.125,38.63636363636363,1,2,3,Risky
"OIC Colored Binder Clips, Assorted Sizes",139.62,59.284800000000004,7,0.08571428571428573,42.46153846153846,2,3,5,Profitable
OIC Stacking Trays,82.832,26.720000000000002,6,0.16666666666666666,32.25806451612904,1,2,3,Risky
OIC Thumb-Tacks,12.996,5.1414,3,0.13333333333333333,39.56140350877193,1,1,2,Loss Maker
"Office Impressions End Table, 20-1/2""H x 24""W x 20""D",5801.816,-66.82720000000002,5,0.18,-1.1518324607329846,4,1,5,Profitable
Office Impressions Heavy Duty Welded Shelving & Multimedia Storage Drawers,3178.13,-167.27,5,0.04,-5.2631578947368425,4,1,5,Profitable
Office Star - Contemporary Swivel Chair with Padded Adjustable Arms and Flex Back,3989.734,425.75960000000003,7,0.15714285714285717,10.671378091872793,4,4,8,Star Product
Office Star - Contemporary Task Swivel Chair,1842.268,155.372,6,0.18333333333333335,8.433734939759036,4,4,8,Star Product
"Office Star - Contemporary Task Swivel chair with 2-way adjustable arms, Plum",694.194,-158.48579999999998,2,0.25,-22.830188679245282,3,1,4,Risky
"Office Star - Contemporary Task Swivel chair with Loop Arms, Charcoal",3680.538,-491.175,9,0.18888888888888888,-13.345195729537368,4,1,5,Profitable
Office Star - Ergonomic Mid Back Chair with 2-Way Adjustable Arms,2207.956,231.6544,2,0.1,10.491803278688524,4,4,8,Star Product
Office Star - Ergonomically Designed Knee Chair,1311.876,-42.1096,7,0.17142857142857143,-3.2098765432098766,4,1,5,Profitable
Office Star - Mesh Screen back chair with Vinyl seat,2200.464,-130.98,7,0.14285714285714285,-5.952380952380952,4,1,5,Profitable
Office Star - Mid Back Dual function Ergonomic High Back Chair with 2-Way Adjustable Arms,4185.48,342.88739999999996,5,0.16,8.192307692307692,4,4,8,Star Product
Office Star - Professional Matrix Back Chair with 2-to-1 Synchro Tilt and Mesh Fabric Seat,8774.5,1305.6456,8,0.1,14.88,4,4,8,Star Product
Office Star - Task Chair with Contemporary Loop Arms,600.4680000000001,47.3096,2,0.15000000000000002,7.878787878787878,3,3,6,Profitable
Office Star Flex Back Scooter Chair with Aluminum Finish Frame,1947.1770000000001,413.649,6,0.05000000000000001,21.243523316062173,4,4,8,Star Product
Office Star Flex Back Scooter Chair with White Frame,1775.68,-228.61880000000002,7,0.21428571428571427,-12.875,4,1,5,Profitable
Okidata B400 Printer,1029.6,115.83,2,0.2,11.25,3,3,6,Profitable
Okidata B401 Printer,179.991,-251.9874,1,0.7,-140.0,2,1,3,Risky
Okidata C331dn Printer,3210.8,111.68,5,0.24000000000000005,3.4782608695652173,4,3,7,Star Product
Okidata C610n Printer,2011.9,-292.04999999999995,2,0.4,-14.516129032258062,4,1,5,Profitable
Okidata MB491 Multifunction Printer,2844.2999999999997,-434.13,2,0.44999999999999996,-15.263157894736842,4,1,5,Profitable
Okidata MB760 Printer,7834.4,881.37,2,0.2,11.25,4,4,8,Star Product
Ooma Telo VoIP Home Phone System,2015.8400000000001,314.975,5,0.12000000000000002,15.625,4,4,8,Star Product
OtterBox Commuter Series Case - Samsung Galaxy S4,384.846,-55.977599999999995,4,0.15000000000000002,-14.545454545454545,3,1,4,Risky
OtterBox Commuter Series Case - iPhone 5 & 5s,285.87,102.91319999999999,4,0.15000000000000002,35.99999999999999,2,3,5,Profitable
OtterBox Defender Series Case - Samsung Galaxy S4,689.77,122.959,8,0.15000000000000002,17.82608695652174,3,3,6,Profitable
OtterBox Defender Series Case - iPhone 5c,133.128,3.6979999999999995,2,0.30000000000000004,2.7777777777777777,2,1,3,Risky
PNY Rapid USB Car Charger - Black,9.588,-2.0774,1,0.4,-21.666666666666668,1,1,2,Loss Maker
"Padded Folding Chairs, Black, 4/Carton",1830.148,80.97999999999999,8,0.225,4.424778761061947,4,3,7,Star Product
Panasonic Business Telephones KX-T7736,546.06,163.818,1,0.0,30.000000000000004,3,4,7,Star Product
Panasonic KP-150 Electric Pencil Sharpener,573.648,126.8064,4,0.05,22.105263157894736,3,3,6,Profitable
Panasonic KP-310 Heavy-Duty Electric Pencil Sharpener,197.82,59.346000000000004,2,0.0,30.000000000000004,2,3,5,Profitable
Panasonic KP-350BK Electric Pencil Sharpener with Auto Stop,124.488,26.2808,3,0.06666666666666667,21.11111111111111,2,2,4,Risky
Panasonic KP-380BK Classic Electric Pencil Sharpener,705.208,111.538,6,0.10000000000000002,15.816326530612246,3,3,6,Profitable
Panasonic KP-4ABK Battery-Operated Pencil Sharpener,234.24,67.92960000000001,4,0.0,29.000000000000004,2,3,5,Profitable
Panasonic KX - TS880B Telephone,453.41999999999996,122.4234,3,0.0,27.0,3,3,6,Profitable
Panasonic KX MB2061 Multifunction Printer,2396.4,179.73,1,0.2,7.5,4,4,8,Star Product
Panasonic KX MC6040 Color Laser Multifunction Printer,1619.82,-22.497500000000002,2,0.35,-1.388888888888889,4,1,5,Profitable
Panasonic KX T7731-B Digital phone,659.934,75.9924,3,0.20000000000000004,11.515151515151516,3,3,6,Profitable
Panasonic KX T7736-B Digital phone,1259.58,134.95499999999998,5,0.16,10.714285714285714,4,3,7,Star Product
Panasonic KX TS208W Corded phone,1283.538,154.8084,6,0.16666666666666666,12.061068702290077,4,4,8,Star Product
Panasonic KX TS3282B Corded phone,590.328,44.2746,3,0.20000000000000004,7.5,3,2,5,Profitable
Panasonic KX TS3282W Corded phone,1665.804,178.47899999999998,7,0.2285714285714286,10.714285714285712,4,4,8,Star Product
Panasonic KX-TG6844B Expandable Digital Cordless Telephone,1135.028,75.2286,7,0.2,6.627906976744185,3,3,6,Profitable
Panasonic KX-TG9471B,4978.146000000001,1168.1004,7,0.05714285714285715,23.464566929133856,4,4,8,Star Product
Panasonic KX-TG9541B DECT 6.0 Digital 2-Line Expandable Cordless Phone With Digital Answering System,3059.7960000000003,1147.4235,5,0.2,37.5,4,4,8,Star Product
Panasonic Kx-TS550,846.216,95.1993,7,0.2,11.249999999999998,3,3,6,Profitable
Park Ridge Embossed Executive Business Envelopes,62.28,29.2716,1,0.0,47.0,1,2,3,Risky
Pastel Pink Envelopes,65.52,31.4496,3,0.0,48.00000000000001,1,2,3,Risky
PayAnywhere Card Reader,199.8,17.4825,5,0.2,8.75,2,2,4,Risky
Peel & Seel Envelopes,62.856,26.5392,4,0.1,42.22222222222222,1,2,3,Risky
"Peel & Seel Recycled Catalog Envelopes, Brown",264.024,113.48400000000001,6,0.10000000000000002,42.982456140350884,2,3,5,Profitable
Peel & Stick Add-On Corner Pockets,38.016,4.32,7,0.39999999999999997,11.363636363636365,1,1,2,Loss Maker
Peel-Off China Markers,287.97,109.4286,7,0.08571428571428573,37.99999999999999,2,3,5,Profitable
Pencil and Crayon Sharpener,29.346,3.7668,4,0.15000000000000002,12.835820895522387,1,1,2,Loss Maker
Penpower WorldCard Pro Card Scanner,91.475,-1.8295,1,0.5,-2.0,1,1,2,Loss Maker
"Performers Binder/Pad Holder, Black",611.054,106.514,8,0.3625,17.431192660550458,3,3,6,Profitable
"Perixx PERIBOARD-512B, Ergonomic Split Keyboard",419.88,29.391599999999997,3,0.0,6.999999999999999,3,2,5,Profitable
"Perma STOR-ALL Hanging File Box, 13 1/8""W x 12 1/4""D x 10 1/2""H",180.596,16.8038,8,0.05,9.304635761589402,2,2,4,Risky
Permanent Self-Adhesive File Folder Labels for Typewriters by Universal,44.37,19.000799999999998,6,0.03333333333333333,42.8235294117647,1,2,3,Risky
"Permanent Self-Adhesive File Folder Labels for Typewriters, 1 1/8 x 3 1/2, White",153.72,55.062000000000005,6,0.13333333333333333,35.81967213114755,2,3,5,Profitable
Personal Creations Ink Jet Cards and Labels,321.44,157.5056,4,0.0,48.99999999999999,3,4,7,Star Product
Personal File Boxes with Fold-Down Carry Handle,177.612,37.392,5,0.04,21.05263157894737,2,2,4,Risky
"Personal Filing Tote with Lid, Black/Gray",459.096,112.9128,8,0.05,24.594594594594597,3,3,6,Profitable
"Personal Folder Holder, Ebony",145.73000000000002,35.872,6,0.03333333333333333,24.61538461538461,2,2,4,Risky
Petty Cash Envelope,231.856,94.36,3,0.13333333333333333,40.69767441860465,2,3,5,Profitable
Pizazz Global Quick File,353.29200000000003,94.6104,6,0.03333333333333333,26.779661016949152,3,3,6,Profitable
Plantronics 81402,844.672,112.18299999999999,4,0.15000000000000002,13.28125,3,3,6,Profitable
Plantronics Audio 478 Stereo USB Headset,1619.676,514.897,9,0.06666666666666668,31.790123456790127,4,4,8,Star Product
Plantronics Audio 995 Wireless Stereo Headset,1913.13,587.1329999999999,4,0.05,30.689655172413786,4,4,8,Star Product
"Plantronics CS 50-USB - headset - Convertible, Monaural",1468.692,178.1469,5,0.12000000000000002,12.12962962962963,4,4,8,Star Product
Plantronics CS510 - Over-the-Head monaural Wireless Headset System,10822.36,3085.0325000000003,10,0.08,28.50609756097561,4,4,8,Star Product
Plantronics Calisto P620-M USB Wireless Speakerphone System,2508.672,505.6542,4,0.1,20.15625,4,4,8,Star Product
Plantronics Cordless Phone Headset with In-line Volume - M214C,908.7,219.8355,6,0.03333333333333333,24.19230769230769,3,4,7,Star Product
Plantronics Encore H101 Dual Earpieces Headset,746.17,163.618,7,0.08571428571428573,21.927710843373493,3,4,7,Star Product
Plantronics HL10 Handset Lifter,2227.008,250.5384,3,0.20000000000000004,11.25,4,4,8,Star Product
Plantronics MX500i Earset,618.48,-6.4425,7,0.05714285714285715,-1.0416666666666665,3,1,4,Risky
Plantronics S12 Corded Telephone Headset System,2242.032,754.5300000000001,6,0.10000000000000002,33.65384615384615,4,4,8,Star Product
Plantronics Savi W720 Multi-Device Wireless Headset System,9367.289999999999,3696.2819999999997,7,0.05714285714285715,39.45945945945946,4,4,8,Star Product
Plantronics Single Ear Headset,29.925,-21.945,1,0.7,-73.33333333333333,1,1,2,Loss Maker
Plantronics Voyager Pro HD - Bluetooth Headset,1221.812,376.942,5,0.12000000000000002,30.85106382978724,4,4,8,Star Product
Plantronics Voyager Pro Legend,1359.534,173.0316,3,0.20000000000000004,12.727272727272727,4,4,8,Star Product
Plastic Binding Combs,269.67,84.9915,5,0.26,31.516853932584272,2,3,5,Profitable
Plastic Stacking Crates & Casters,35.712,2.6784,4,0.2,7.499999999999998,1,1,2,Loss Maker
Plymouth Boxed Rubber Bands by Plymouth,77.244,-3.297,5,0.08,-4.2682926829268295,1,1,2,Loss Maker
Poly Designer Cover & Back,451.962,106.344,7,0.37142857142857144,23.52941176470588,3,3,6,Profitable
Poly String Tie Envelopes,68.136,30.293999999999997,11,0.07272727272727274,44.461077844311376,1,2,3,Risky
Polycom CX300 Desktop Phone USB VoIP phone,1679.8880000000001,59.99600000000001,5,0.2,3.571428571428572,4,3,7,Star Product
Polycom CX600 IP Phone VoIP phone,4619.2300000000005,896.8505000000001,4,0.15000000000000002,19.415584415584416,4,4,8,Star Product
Polycom SoundPoint IP 450 VoIP phone,3839.62,162.6192,6,0.23333333333333336,4.23529411764706,4,4,8,Star Product
Polycom SoundPoint Pro SE-225 Corded phone,1903.8400000000001,276.0568,4,0.15000000000000002,14.499999999999998,4,4,8,Star Product
Polycom SoundStation2 EX Conference phone,3968.5099999999998,518.336,4,0.2,13.061224489795919,4,4,8,Star Product
Polycom VVX 310 VoIP phone,6227.654,899.95,8,0.15000000000000002,14.45086705202312,4,4,8,Star Product
Polycom VoiceStation 500 Conference phone,3657.38,339.1925,5,0.16,9.274193548387096,4,4,8,Star Product
Portable Personal File Box,224.66400000000002,55.3113,6,0.03333333333333333,24.619565217391305,2,3,5,Profitable
Portfile Personal File Boxes,99.11999999999999,7.434,2,0.2,7.500000000000001,2,1,3,Risky
"Post-it “Important Message” Note Pad, Neon Colors, 50 Sheets/Pad",62.608000000000004,28.537599999999998,2,0.1,45.5813953488372,1,2,3,Risky
PowerGen Dual USB Car Charger,127.87200000000001,52.3476,4,0.1,40.93749999999999,2,3,5,Profitable
Prang Colored Pencils,90.55199999999999,38.808,7,0.05714285714285715,42.85714285714286,1,2,3,Risky
Prang Drawing Pencil Set,100.08,27.0772,11,0.07272727272727274,27.055555555555554,2,2,4,Risky
Prang Dustless Chalk Sticks,38.976,18.816,8,0.07500000000000001,48.275862068965516,1,2,3,Risky
Premier Automatic Letter Opener,2836.366,-427.8586,5,0.12000000000000002,-15.084745762711865,4,1,5,Profitable
Premier Electric Letter Opener,2641.6079999999997,-7.105427357601002e-15,8,0.07500000000000001,-2.689811416985791e-16,4,1,5,Profitable
"Premier Elliptical Ring Binder, Black",526.612,-201.51279999999997,9,0.6444444444444444,-38.26589595375722,3,1,4,Risky
Premium Transparent Presentation Covers by GBC,753.182,284.0692,10,0.21000000000000002,37.71587743732591,3,4,7,Star Product
"Premium Transparent Presentation Covers, No Pattern/Clear, 8 1/2"" x 11""",698.04,90.7452,7,0.2857142857142857,13.0,3,3,6,Profitable
"Premium Writing Pencils, Soft, #2 by Central Association for the Blind",81.652,19.4296,7,0.08571428571428573,23.795620437956206,1,2,3,Risky
"Pressboard Covers with Storage Hooks, 9 1/2"" x 11"", Light Blue",102.619,-11.882200000000001,12,0.45,-11.578947368421053,2,1,3,Risky
"Pressboard Data Binder, Crimson, 12"" X 8 1/2""",33.108000000000004,7.1556,3,0.3666666666666667,21.61290322580645,1,1,2,Loss Maker
Pressboard Data Binders by Wilson Jones,99.324,22.9086,8,0.325,23.06451612903226,2,2,4,Risky
Pressboard Hanging Data Binders for Unburst Sheets,112.66799999999999,-10.135200000000001,10,0.43999999999999995,-8.995633187772928,2,1,3,Risky
Presstex Flexible Ring Binders,92.82,24.569999999999997,8,0.35,26.47058823529412,1,2,3,Risky
Prestige Round Ring Binders,85.728,18.0576,8,0.375,21.063829787234045,1,2,3,Risky
Prismacolor Color Pencil Set,436.48,155.54559999999998,7,0.08571428571428573,35.63636363636363,3,4,7,Star Product
Project Tote Personal File,193.61399999999998,44.1945,4,0.05,22.826086956521742,2,2,4,Risky
PureGear Roll-On Screen Protector,571.7139999999999,218.2908,5,0.16,38.18181818181819,3,4,7,Star Product
Pyle PMP37LED,3590.026,576.8999,10,0.1,16.06951871657754,4,4,8,Star Product
Pyle PRT45 Retro Home Telephone,201.568,22.6764,1,0.2,11.25,2,2,4,Risky
QVS USB Car Charger 2-Port 2.1Amp for iPod/iPhone/iPad/iPad 2/iPad 3,79.22999999999999,29.537499999999998,5,0.16,37.28070175438597,1,2,3,Risky
Quality Park Security Envelopes,240.764,88.19290000000001,4,0.15000000000000002,36.630434782608695,2,3,5,Profitable
"Quartet Alpha White Chalk, 12/Pack",15.469999999999999,6.0996,2,0.1,39.42857142857143,1,1,2,Loss Maker
"Quartet Omega Colored Chalk, 12/Pack",80.592,34.164,7,0.08571428571428573,42.39130434782609,1,2,3,Risky
RCA H5401RE1 DECT 6.0 4-Line Cordless Handset With Caller ID/Call Waiting,239.97,2.3997,1,0.0,1.0,2,1,3,Risky
RCA ViSYS 25423RE1 Corded phone,159.984,13.9986,1,0.2,8.75,2,2,4,Risky
RCA ViSYS 25425RE1 Corded phone,323.976,36.4473,1,0.2,11.249999999999998,3,2,5,Profitable
RCA ViSYS 25825 Wireless digital phone,727.944,90.993,2,0.2,12.5,3,3,6,Profitable
RCA Visys Integrated PBX 8-Line Router,1085.238,130.63049999999998,5,0.12000000000000002,12.037037037037035,3,3,6,Profitable
"REDIFORM Incoming/Outgoing Call Register, 11"" X 8 1/2"", 100 Messages",281.892,127.602,8,0.07500000000000001,45.26627218934912,2,3,5,Profitable
"RSVP Cards & Envelopes, Blank White, 8-1/2"" X 11"", 24 Cards/25 Envelopes/Set",89.408,38.2524,6,0.10000000000000002,42.784090909090914,1,2,3,Risky
Razer Kraken 7.1 Surround Sound Over Ear USB Gaming Headset,2619.738,995.9004,6,0.06666666666666667,38.01526717557252,4,4,8,Star Product
Razer Kraken PRO Over Ear PC and Music Headset,2159.73,479.94,8,0.1,22.22222222222222,4,4,8,Star Product
Razer Tiamat Over Ear 7.1 Surround Sound PC Gaming Headset,5119.744000000001,2155.8922000000002,7,0.028571428571428574,42.109375,4,4,8,Star Product
"Recycled Data-Pak for Archival Bound Computer Printouts, 12-1/2 x 12-1/2 x 16",1857.252,414.918,6,0.06666666666666667,22.340425531914896,4,4,8,Star Product
"Recycled Desk Saver Line ""While You Were Out"" Book, 5 1/2"" X 4""",268.5,123.51,5,0.0,46.0,2,3,5,Profitable
Recycled Easel Ring Binders,308.844,21.634000000000004,9,0.3888888888888889,7.004830917874398,2,2,4,Risky
Recycled Eldon Regeneration Jumbo File,235.77599999999998,58.944,6,0.03333333333333333,25.000000000000007,2,3,5,Profitable
"Recycled Interoffice Envelopes with Re-Use-A-Seal Closure, 10 x 13",68.28,23.0445,2,0.2,33.75,1,2,3,Risky
"Recycled Interoffice Envelopes with String and Button Closure, 10 x 13",259.092,115.152,5,0.08,44.44444444444445,2,3,5,Profitable
Recycled Premium Regency Composition Covers,110.01599999999999,39.880799999999994,3,0.20000000000000004,36.25,2,2,4,Risky
Recycled Pressboard Report Cover with Reinforced Top Hinge,69.768,13.759799999999998,8,0.3625,19.722222222222218,1,2,3,Risky
Recycled Steel Personal File for Hanging File Folders,1053.032,151.65949999999998,6,0.10000000000000002,14.402173913043478,3,4,7,Star Product
Recycled Steel Personal File for Standard File Folders,1072.626,254.334,4,0.05,23.711340206185568,3,4,7,Star Product
"Redi-Strip #10 Envelopes, 4 1/8 x 9 1/2",93.22,39.53,7,0.1142857142857143,42.40506329113924,1,2,3,Risky
"Rediform S.O.S. 1-Up Phone Message Bk, 4-1/4x3-1/16 Bk, 1 Form/Pg, 40 Messages/Bk, 3/Pk",196.98000000000002,94.5504,5,0.0,47.99999999999999,2,3,5,Profitable
Rediform S.O.S. Phone Message Books,19.92,9.7608,1,0.0,48.99999999999999,1,1,2,Loss Maker
Rediform Voice Mail Log Books,29.204,12.1584,2,0.1,41.63265306122449,1,2,3,Risky
"Rediform Wirebound ""Phone Memo"" Message Book, 11 x 5-3/4",110.01599999999999,43.7772,5,0.12000000000000002,39.79166666666667,2,2,4,Risky
Regeneration Desk Collection,35.904,15.206399999999999,5,0.04,42.35294117647058,1,2,3,Risky
Revere Boxed Rubber Bands by Revere,48.006,-5.707800000000001,6,0.10000000000000002,-11.889763779527561,1,1,2,Loss Maker
Ricoh - Ink Collector Unit for GX3000 Series Printers,465.64500000000004,36.916,3,0.3,7.927927927927926,3,2,5,Profitable
Riverleaf Stik-Withit Designer Note Cubes,136.816,55.33,5,0.08,40.44117647058824,2,3,5,Profitable
"Riverside Furniture Oval Coffee Table, Oval End Table, End Table with Drawer",4446.175,-1147.4,5,0.3,-25.806451612903224,4,1,5,Profitable
Riverside Furniture Stanwyck Manor Table Series,917.9200000000001,-415.9325,3,0.3666666666666667,-45.31249999999999,3,1,4,Risky
"Riverside Palais Royal Lawyers Bookcase, Royale Cherry Finish",15610.9656,-669.5448000000001,5,0.23399999999999999,-4.288939051918737,4,1,5,Profitable
Rogers Deluxe File Chest,443.99600000000004,-34.7284,8,0.1,-7.821782178217822,3,1,4,Risky
Rogers Handheld Barrel Pencil Sharpener,75.62400000000001,15.618,7,0.05714285714285715,20.652173913043477,1,2,3,Risky
"Rogers Jumbo File, Granite",317.77200000000005,-4.8888,7,0.028571428571428574,-1.538461538461538,3,1,4,Risky
Rogers Profile Extra Capacity Storage Tub,518.9399999999999,4.687199999999999,7,0.028571428571428574,0.9032258064516128,3,1,4,Risky
Rosewill 107 Normal Keys USB Wired Standard Keyboard,105.14399999999999,0.8087999999999997,3,0.06666666666666667,0.769230769230769,2,1,3,Risky
Round Ring Binders,29.952,-0.9152000000000005,6,0.4666666666666666,-3.0555555555555567,1,1,2,Loss Maker
Round Specialty Laser Printer Labels,421.008,162.0129,6,0.13333333333333333,38.48214285714286,3,4,7,Star Product
Rubber Band Ball,58.344,-0.29920000000000013,4,0.05,-0.5128205128205131,1,1,2,Loss Maker
"Rubbermaid ClusterMat Chairmats, Mat Size- 66"" x 60"", Lip 20"" x 11"" -90 Degree Angle",2064.228,-173.12879999999998,5,0.2,-8.387096774193548,4,1,5,Profitable
"Rush Hierlooms Collection 1"" Thick Stackable Bookcases",2487.759,410.352,4,0.0375,16.49484536082474,4,4,8,Star Product
Rush Hierlooms Collection Rich Wood Bookcases,489.37919999999997,-70.8312,2,0.16,-14.473684210526317,3,1,4,Risky
SAFCO Arco Folding Chair,11572.78,1179.374,13,0.2,10.1909307875895,4,4,8,Star Product
SAFCO Boltless Steel Shelving,4704.696,-470.4696,10,0.1,-10.0,4,1,5,Profitable
"SAFCO Commercial Wire Shelving, 72h",1445.2640000000001,-24.496,5,0.04,-1.6949152542372878,4,1,5,Profitable
"SAFCO Commercial Wire Shelving, Black",4199.456,-635.444,10,0.14,-15.131578947368421,4,1,5,Profitable
SAFCO Folding Chair Trolley,705.32,151.3232,3,0.16666666666666666,21.454545454545453,3,4,7,Star Product
"SAFCO Mobile Desk Side File, Wire Frame",1240.04,259.12559999999996,8,0.05,20.89655172413793,4,4,8,Star Product
SAFCO Optional Arm Kit for Workspace Cribbage Stacking Chair,245.088,14.9184,5,0.2,6.086956521739131,2,2,4,Risky
"SAFCO PlanMaster Boards, 60w x 37-1/2d, White Melamine",2979.004,54.71640000000002,5,0.26,1.836734693877552,4,3,7,Star Product
"SAFCO PlanMaster Heigh-Adjustable Drafting Table Base, 43w x 30d x 30-37h, Black",3739.115,608.043,5,0.27999999999999997,16.261682242990656,4,4,8,Star Product
SANFORD Liquid Accent Tank-Style Highlighters,14.2,4.402,3,0.0,31.0,1,1,2,Loss Maker
SANFORD Major Accent Highlighters,209.56799999999998,77.88,7,0.028571428571428574,37.16216216216217,2,3,5,Profitable
"SKILCRAFT Telephone Shoulder Rest, 2"" x 6.5"" x 2.5"", Black",56.164,13.0064,3,0.06666666666666667,23.157894736842103,1,2,3,Risky
Sabrent 4-Port USB 2.0 Hub,96.418,29.197,4,0.05,30.28169014084507,1,2,3,Risky
"Safco Chair Connectors, 6/Carton",881.192,170.8512,4,0.15,19.388646288209607,3,4,7,Star Product
Safco Commercial Shelving,483.704,-7.441599999999999,5,0.08,-1.5384615384615383,3,1,4,Risky
Safco Contoured Stacking Chairs,5697.76,870.16,8,0.125,15.271966527196652,4,4,8,Star Product
Safco Drafting Table,638.8199999999999,34.0704,4,0.2,5.333333333333334,3,2,5,Profitable
Safco Industrial Shelving,827.12,-104.1285,5,0.12000000000000002,-12.589285714285714,3,1,4,Risky
Safco Industrial Wire Shelving,1363.058,-126.7068,5,0.16,-9.295774647887324,4,1,5,Profitable
Safco Industrial Wire Shelving System,2511.0480000000002,-218.352,8,0.1,-8.695652173913043,4,1,5,Profitable
Safco Steel Mobile File Cart,683.552,120.872,5,0.08,17.682926829268293,3,3,6,Profitable
"Safco Value Mate Series Steel Bookcases, Baked Enamel Finish on Steel, Gray",858.858,-9.93719999999999,6,0.245,-1.1570247933884286,3,1,4,Risky
"Safco Value Mate Steel Bookcase, Baked Enamel Finish on Steel, Black",802.074,106.47,3,0.19999999999999998,13.274336283185843,3,3,6,Profitable
"Safco Wire Cube Shelving System, For Use as 4 or 5 14"" Cubes, Black",406.784,14.301,4,0.05,3.515625,3,2,5,Profitable
Samsung Convoy 3,688.138,-31.077199999999998,2,0.2,-4.516129032258064,3,1,4,Risky
Samsung Galaxy Mega 6.3,13943.668,1822.7566,6,0.13333333333333333,13.072289156626507,4,4,8,Star Product
Samsung Galaxy Note 2,4507.902,-128.79719999999998,2,0.30000000000000004,-2.8571428571428568,4,1,5,Profitable
Samsung Galaxy Note 3,2155.902,153.993,3,0.20000000000000004,7.142857142857142,4,4,8,Star Product
Samsung Galaxy S III - 16GB - pebble blue (T-Mobile),7139.796,83.99760000000003,6,0.20000000000000004,1.1764705882352946,4,3,7,Star Product
Samsung Galaxy S4,6134.701999999999,438.193,5,0.2,7.142857142857144,4,4,8,Star Product
Samsung Galaxy S4 Active,3999.92,1039.9792,2,0.0,26.0,4,4,8,Star Product
Samsung Galaxy S4 Mini,6109.87,1104.4765,5,0.12000000000000002,18.076923076923077,4,4,8,Star Product
Samsung HM1900 Bluetooth Headset,491.68,195.355,7,0.17142857142857146,39.732142857142854,3,4,7,Star Product
Samsung Replacement EH64AVFWE Premium Headset,104.5,17.875,5,0.08,17.105263157894736,2,2,4,Risky
Samsung Rugby III,1385.79,229.6452,8,0.125,16.57142857142857,4,4,8,Star Product
SanDisk Cruzer 16 GB USB Flash Drive,107.912,14.924,3,0.06666666666666667,13.82978723404255,2,2,4,Risky
SanDisk Cruzer 32 GB USB Flash Drive,361.38,102.708,6,0.06666666666666667,28.421052631578945,3,3,6,Profitable
SanDisk Cruzer 4 GB USB Flash Drive,25.96,5.5165,2,0.2,21.25,1,1,2,Loss Maker
SanDisk Cruzer 64 GB USB Flash Drive,1184.032,319.61600000000004,9,0.06666666666666668,26.99386503067485,3,4,7,Star Product
SanDisk Cruzer 8 GB USB Flash Drive,27.168,-1.3584,1,0.2,-5.0,1,1,2,Loss Maker
SanDisk Ultra 16 GB MicroSDHC Class 10 Memory Card,329.946,-48.5826,7,0.14285714285714285,-14.724409448818895,3,1,4,Risky
SanDisk Ultra 32 GB MicroSDHC Class 10 Memory Card,884.0,38.012,11,0.10909090909090911,4.300000000000001,3,2,5,Profitable
SanDisk Ultra 64 GB MicroSDHC Class 10 Memory Card,927.768,37.9905,6,0.10000000000000002,4.094827586206897,3,2,5,Profitable
Sanford 52201 APSCO Electric Pencil Sharpener,565.3860000000001,140.9368,4,0.05,24.927536231884055,3,3,6,Profitable
"Sanford Colorific Colored Pencils, 12/Box",73.152,20.735999999999997,5,0.04,28.346456692913378,1,2,3,Risky
"Sanford Colorific Eraseable Coloring Pencils, 12 Count",45.919999999999995,17.875999999999998,4,0.05,38.92857142857143,1,2,3,Risky
"Sanford Colorific Scented Colored Pencils, 12/Pack",47.080000000000005,14.5948,2,0.0,30.999999999999993,1,2,3,Risky
"Sanford EarthWrite Recycled Pencils, Medium Soft, #2",29.4,8.232,3,0.0,27.999999999999996,1,1,2,Loss Maker
Sanford Liquid Accent Highlighters,149.632,48.630399999999995,5,0.08,32.49999999999999,2,3,5,Profitable
Sanford Pocket Accent Highlighters,22.4,9.632,3,0.0,43.0,1,1,2,Loss Maker
"Sanford Prismacolor Professional Thick Lead Art Pencils, 36-Color Set",209.664,49.7952,3,0.20000000000000004,23.75,2,3,5,Profitable
"Sanford Uni-Blazer View Highlighters, Chisel Tip, Yellow",30.799999999999997,13.552,3,0.0,44.0,1,2,3,Risky
"Sanitaire Vibra Groomer IR Commercial Upright Vacuum, Replacement Belts",13.0,1.3,1,0.2,10.0,1,1,2,Loss Maker
Sannysis Cute Owl Design Soft Skin Case Cover for Samsung Galaxy S4,13.86,2.2967999999999997,2,0.1,16.57142857142857,1,1,2,Loss Maker
Sanyo 2.5 Cubic Foot Mid-Size Office Refrigerators,4476.96,956.9502,4,0.1,21.375,4,4,8,Star Product
"Sanyo Counter Height Refrigerator with Crisper, 3.6 Cubic Foot, Stainless Steel/Black",5906.52,1653.8256000000001,3,0.0,28.000000000000004,4,4,8,Star Product
Satellite Sectional Post Binders,1219.821,329.0478,11,0.3727272727272727,26.975088967971534,4,4,8,Star Product
Sauder Barrister Bookcases,754.7336,-294.7672,3,0.4066666666666667,-39.05579399141631,3,1,4,Risky
"Sauder Camden County Barrister Bookcase, Planked Cherry Finish",1064.624,24.196,3,0.09999999999999999,2.272727272727273,3,2,5,Profitable
"Sauder Camden County Collection Libraries, Planked Cherry Finish",1909.8178,-78.18639999999999,7,0.1457142857142857,-4.093919325707405,4,1,5,Profitable
Sauder Camden County Collection Library,1368.2620000000002,-103.482,2,0.235,-7.563025210084033,4,1,5,Profitable
Sauder Cornerstone Collection Library,322.192,-81.16760000000001,3,0.2333333333333333,-25.192307692307693,3,1,4,Risky
"Sauder Facets Collection Library, Sky Alder Finish",1427.683,-8.549,4,0.15,-0.5988023952095808,4,1,5,Profitable
"Sauder Facets Collection Locker/File Cabinet, Sky Alder Finish",1706.508,222.588,2,0.1,13.043478260869565,4,4,8,Star Product
"Sauder Forest Hills Library with Doors, Woodland Oak Finish",1014.174,-418.548,3,0.2833333333333333,-41.26984126984127,3,1,4,Risky
"Sauder Forest Hills Library, Woodland Oak Finish",1875.034,-70.49,4,0.125,-3.7593984962406015,4,1,5,Profitable
Sauder Inglewood Library Bookcases,2154.348,311.1836,5,0.13,14.444444444444446,4,4,8,Star Product
"Sauder Mission Library with Doors, Fruitwood Finish",935.1972,-125.74080000000001,3,0.26333333333333336,-13.445378151260506,3,1,4,Risky
Security-Tint Envelopes,163.496,73.8788,9,0.06666666666666668,45.18691588785047,2,3,5,Profitable
Seidio BD2-HK3IPH5-BK DILEX Case and Holster Combo for Apple iPhone 5/5s - Black,272.88800000000003,27.288800000000002,3,0.20000000000000004,10.0,2,2,4,Risky
Self-Adhesive Address Labels for Typewriters by Universal,153.51,64.4011,7,0.08571428571428573,41.95238095238095,2,3,5,Profitable
Self-Adhesive Address Labels for Typewriters with Dispenser Box,26.568,8.9667,2,0.2,33.75,1,1,2,Loss Maker
Self-Adhesive Removable Labels,110.25,52.92,7,0.0,48.00000000000001,2,3,5,Profitable
Self-Adhesive Ring Binder Labels,22.88,2.3584000000000005,4,0.425,10.30769230769231,1,1,2,Loss Maker
Sensible Storage WireTech Storage Systems,2484.2999999999997,-78.07799999999999,8,0.07500000000000001,-3.1428571428571432,4,1,5,Profitable
Serrated Blade or Curved Handle Hand Letter Openers,23.864,-4.1133999999999995,2,0.1,-17.236842105263158,1,1,2,Loss Maker
"Seth Thomas 12"" Clock w/ Goldtone Case",390.66,132.8244,3,0.0,34.0,3,3,6,Profitable
"Seth Thomas 13 1/2"" Wall Clock",316.48400000000004,71.12,5,0.16,22.47191011235955,3,3,6,Profitable
"Seth Thomas 14"" Day/Date Wall Clock",467.072,162.0512,6,0.06666666666666667,34.69512195121951,3,4,7,Star Product
"Seth Thomas 14"" Putty-Colored Wall Clock",357.948,94.7682,4,0.05,26.475409836065573,3,3,6,Profitable
"Seth Thomas 16"" Steel Case Clock",441.72799999999995,28.257600000000004,5,0.24,6.397058823529413,3,2,5,Profitable
"Seth Thomas 8 1/2"" Cubicle Clock",210.912,59.217600000000004,4,0.05,28.076923076923077,2,3,5,Profitable
Sharp 1540cs Digital Laser Copier,4399.92,1649.97,7,0.17142857142857146,37.5,4,4,8,Star Product
Sharp AL-1530CS Digital Copier,6399.872,2064.9587,4,0.25,32.265625,4,4,8,Star Product
Shocksock Galaxy S4 Armband,63.510000000000005,-10.074,3,0.13333333333333333,-15.86206896551724,1,1,2,Loss Maker
ShoreTel ShorePhone IP 230 VoIP phone,2906.628,422.475,4,0.15000000000000002,14.534883720930234,4,4,8,Star Product
"SimpliFile Personal File, Black Granite, 15w x 6-15/16d x 11-1/4h",347.31,85.806,8,0.07500000000000001,24.705882352941174,3,3,6,Profitable
"Situations Contoured Folding Chairs, 4/Set",3641.274,234.234,15,0.18000000000000002,6.432748538011697,4,4,8,Star Product
"SlimView Poly Binder, 3/8""",117.58599999999998,5.697999999999999,7,0.4571428571428572,4.845814977973568,2,1,3,Risky
"SmartStand Mobile Device Holder, Assorted Colors",75.49199999999999,10.0656,3,0.13333333333333333,13.333333333333336,1,1,2,Loss Maker
Smead Adjustable Mobile File Trolley with Lockable Top,4778.766,1106.6616,3,0.06666666666666667,23.157894736842106,4,4,8,Star Product
Smead Alpha-Z Color-Coded Name Labels First Letter Starter Set,71.25,32.25,5,0.08,45.26315789473684,1,2,3,Risky
Smead Alpha-Z Color-Coded Second Alphabetical Labels and Starter Set,48.048,22.4224,5,0.04,46.666666666666664,1,2,3,Risky
"Snap-A-Way Black Print Carbonless Ruled Speed Letter, Triplicate",1016.7919999999999,453.7624,6,0.03333333333333333,44.626865671641795,3,4,7,Star Product
"Snap-A-Way Black Print Carbonless Speed Message, No Reply Area, Duplicate",93.248,31.4712,1,0.2,33.75,1,2,3,Risky
Socket Bluetooth Cordless Hand Scanner (CHS),506.28,177.198,1,0.2,35.0,3,4,7,Star Product
Sony 16GB Class 10 Micro SDHC R40 Memory Card,190.772,5.155999999999999,4,0.1,2.702702702702702,2,1,3,Risky
Sony 32GB Class 10 Micro SDHC R40 Memory Card,251.4,52.794,4,0.0,21.0,2,3,5,Profitable
Sony 64GB Class 10 Micro SDHC R40 Memory Card,899.75,132.0833,9,0.06666666666666668,14.680000000000001,3,3,6,Profitable
Sony 8GB Class 10 Micro SDHC R40 Memory Card,27.192,0.3399,1,0.2,1.25,1,1,2,Loss Maker
Sony Micro Vault Click 16 GB USB 2.0 Flash Drive,1489.334,255.3144,9,0.08888888888888889,17.142857142857142,4,4,8,Star Product
Sony Micro Vault Click 4 GB USB 2.0 Flash Drive,250.92000000000002,35.1288,3,0.0,13.999999999999998,2,2,4,Risky
Sony Micro Vault Click 8 GB USB 2.0 Flash Drive,582.6759999999999,57.3278,4,0.05,9.838709677419356,3,3,6,Profitable
"Sortfiler Multipurpose Personal File Organizer, Black",483.414,118.92840000000001,6,0.06666666666666667,24.60176991150443,3,3,6,Profitable
Southworth 100% Cotton The Best Paper,151.536,65.43599999999999,3,0.06666666666666667,43.18181818181818,2,3,5,Profitable
"Southworth 100% Résumé Paper, 24lb.",262.964,113.199,7,0.05714285714285715,43.047337278106504,2,3,5,Profitable
Southworth 25% Cotton Antique Laid Paper & Envelopes,200.16,80.898,5,0.12000000000000002,40.416666666666664,2,3,5,Profitable
Southworth 25% Cotton Granite Paper & Envelopes,37.932,13.2108,3,0.13333333333333333,34.82758620689655,1,2,3,Risky
Southworth 25% Cotton Linen-Finish Paper & Envelopes,166.704,67.044,4,0.1,40.21739130434782,2,3,5,Profitable
Southworth 25% Cotton Premium Laser Paper and Envelopes,527.472,236.5632,5,0.08,44.84848484848485,3,4,7,Star Product
Southworth Parchment Paper & Envelopes,83.712,30.738,6,0.13333333333333333,36.71875,1,2,3,Risky
Southworth Structures Collection,72.8,36.4,2,0.0,50.0,1,2,3,Risky
Space Solutions Commercial Steel Shelving,1952.43,-74.34749999999998,7,0.028571428571428574,-3.8079470198675485,4,1,5,Profitable
Space Solutions HD Industrial Steel Shelving.,3035.208,24.143700000000003,8,0.025,0.7954545454545455,4,2,6,Profitable
Space Solutions Industrial Galvanized Steel Shelving.,520.0799999999999,-20.488,3,0.06666666666666667,-3.93939393939394,3,1,4,Risky
Speck Products Candyshell Flip Case,188.946,-18.1948,4,0.30000000000000004,-9.62962962962963,2,1,3,Risky
"Speediset Carbonless Redi-Letter 7"" x 8 1/2""",181.456,77.6343,5,0.08,42.784090909090914,2,3,5,Profitable
Spigen Samsung Galaxy S5 Case Wallet,234.462,45.873000000000005,5,0.08,19.56521739130435,2,3,5,Profitable
SpineVue Locking Slant-D Ring Binders by Cardinal,110.59400000000001,6.032400000000001,8,0.3875,5.454545454545455,2,1,3,Risky
Spiral Phone Message Books with Labels by Adams,60.032,25.759999999999998,4,0.05,42.91044776119403,1,2,3,Risky
Square Credit Card Reader,173.826,11.188799999999999,7,0.17142857142857146,6.436781609195402,2,2,4,Risky
"Square Credit Card Reader, 4 1/2"" x 4 1/2"" x 1"", White",197.802,54.8451,5,0.2,27.727272727272727,2,3,5,Profitable
"Square Ring Data Binders, Rigid 75 Pt. Covers, 11"" x 14-7/8""",334.368,98.2464,7,0.2571428571428572,29.38271604938271,3,3,6,Profitable
Stackable Trays,65.296,17.1248,7,0.08571428571428573,26.22641509433962,1,2,3,Risky
"Stacking Tray, Side-Loading, Legal, Smoke",46.592,-2.8672,4,0.25,-6.153846153846154,1,1,2,Loss Maker
Stacking Trays by OIC,72.708,9.3126,6,0.2333333333333333,12.808219178082192,1,1,2,Loss Maker
Standard Line “While You Were Out” Hardbound Telephone Message Book,211.00799999999998,80.4468,2,0.1,38.125,2,3,5,Profitable
Standard Rollaway File with Lock,6594.954,1261.3300000000002,10,0.06000000000000001,19.125683060109292,4,4,8,Star Product
Stanley Bostitch Contemporary Electric Pencil Sharpeners,275.076,42.7896,7,0.14285714285714285,15.555555555555554,2,2,4,Risky
Stanley Contemporary Battery Pencil Sharpeners,293.7,63.012,4,0.05,21.454545454545457,2,3,5,Profitable
Staple envelope,1686.8120000000001,751.629,48,0.075,44.55914470610833,4,4,8,Star Product
Staple holder,528.78,118.0017,13,0.0923076923076923,22.315840236014978,3,3,6,Profitable
Staple magnet,272.892,44.8092,10,0.1,16.420122246163317,2,2,4,Risky
Staple remover,263.088,24.067800000000002,18,0.1111111111111111,9.148193760262725,2,2,4,Risky
Staple-based wall hangings,422.288,121.99359999999999,16,0.2375,28.88872049407039,3,3,6,Profitable
Staple-on labels,53.754000000000005,21.5883,5,0.08,40.16129032258064,1,2,3,Risky
Staples,755.47,292.2046,46,0.1,38.678518008656866,3,4,7,Star Product
Staples in misc. colors,478.812,124.05160000000001,19,0.06315789473684212,25.908206143538592,3,3,6,Profitable
Star Micronics TSP100 TSP143LAN Receipt Printer,1035.8,269.308,1,0.0,26.0,3,4,7,Star Product
Star Micronics TSP800 TSP847IIU Receipt Printer,1286.85,360.318,2,0.25,28.000000000000004,4,4,8,Star Product
StarTech.com 10/100 VDSL2 Ethernet Extender Kit,2330.65,-785.7620000000001,4,0.425,-33.714285714285715,4,1,5,Profitable
Steel Personal Filing/Posting Tote,937.4639999999999,185.7173,5,0.08,19.810606060606062,3,4,7,Star Product
Sterilite Officeware Hinged File Box,345.84000000000003,78.076,11,0.07272727272727274,22.57575757575757,3,3,6,Profitable
Sterilite Show Offs Storage Containers,78.144,-6.336,5,0.08,-8.108108108108109,1,1,2,Loss Maker
Sterling Rubber Bands by Alliance,19.782,-3.768,2,0.1,-19.047619047619047,1,1,2,Loss Maker
Stiletto Hand Letter Openers,136.32,-21.983999999999998,4,0.15000000000000002,-16.126760563380284,2,1,3,Risky
Stockwell Gold Paper Clips,8.096,3.404,2,0.1,42.04545454545454,1,1,2,Loss Maker
Stockwell Push Pins,69.76,20.0996,8,0.07500000000000001,28.812499999999996,1,2,3,Risky
Storex Dura Pro Binders,278.586,50.5494,17,0.4235294117647059,18.144989339019187,2,3,5,Profitable
Storex DuraTech Recycled Plastic Frosted Binders,94.128,11.447999999999999,8,0.5,12.16216216216216,1,2,3,Risky
Storex Flexible Poly Binders with Double Pockets,10.824,-2.0064,3,0.4666666666666666,-18.53658536585366,1,1,2,Loss Maker
"Strathmore #10 Envelopes, Ultimate White",632.52,309.9348,4,0.0,49.0,3,4,7,Star Product
Strathmore Photo Frame Cards,116.96000000000001,53.8016,4,0.0,46.0,2,3,5,Profitable
Strathmore Photo Mount Cards,245.436,106.3104,9,0.06666666666666668,43.31491712707182,2,3,5,Profitable
"Stride Job 150 Highlighters, Chisel Tip, Assorted Colors",17.94,6.4584,1,0.0,36.0,1,1,2,Loss Maker
"Stur-D-Stor Shelving, Vertical 5-Shelf: 72""H x 36""W x 18 1/2""D",2552.54,51.050799999999995,5,0.0,1.9999999999999998,4,3,7,Star Product
"Super Bands, 12/Pack",33.480000000000004,-2.604,4,0.1,-7.777777777777777,1,1,2,Loss Maker
Super Decoflex Portable Personal File,179.76,39.5472,5,0.08,22.0,2,2,4,Risky
Surelock Post Binders,653.984,210.864,8,0.2625,32.242990654205606,3,4,7,Star Product
Swingline SM12-08 MicroCut Jam Free Shredder,2359.9410000000003,-447.9888,3,0.5333333333333333,-18.983050847457626,4,1,5,Profitable
"TOPS ""Important Message"" Pads, Canary, 4-1/4 x 5-1/2, 50 Sheets per Pad",70.19200000000001,31.629199999999997,3,0.06666666666666667,45.060975609756085,1,2,3,Risky
"TOPS 4 x 6 Fluorescent Color Memo Sheets, 500 Sheets per Pack",102.49199999999999,37.1059,3,0.13333333333333333,36.2037037037037,2,2,4,Risky
"TOPS Carbonless Receipt Book, Four 2-3/4 x 7-1/4 Money Receipts per Page",406.464,178.704,4,0.1,43.96551724137932,3,4,7,Star Product
"TOPS Money Receipt Book, Consecutively Numbered in Red,",88.11,39.6495,2,0.0,45.00000000000001,1,2,3,Risky
"TOPS Voice Message Log Book, Flash Format",49.504,20.372799999999998,3,0.13333333333333333,41.15384615384615,1,2,3,Risky
"TRENDnet 56K USB 2.0 Phone, Internet and Fax Modem",626.538,212.298,5,0.08,33.88429752066116,3,4,7,Star Product
"Telephone Message Books with Fax/Mobile Section, 4 1/4"" x 6""",51.120000000000005,21.96,3,0.06666666666666667,42.95774647887324,1,2,3,Risky
"Telephone Message Books with Fax/Mobile Section, 5 1/2"" x 3 3/16""",99.06,40.766999999999996,6,0.06666666666666667,41.153846153846146,2,2,4,Risky
Telescoping Adjustable Floor Lamp,143.928,-5.997000000000002,6,0.3,-4.166666666666668,2,1,3,Risky
"Tenex ""The Solids"" Textured Chair Mats",1469.1599999999999,-40.57679999999999,7,0.19999999999999998,-2.7619047619047614,4,1,5,Profitable
"Tenex 46"" x 60"" Computer Anti-Static Chairmat, Rectangular Shaped",2267.972,148.372,7,0.14285714285714285,6.5420560747663545,4,4,8,Star Product
Tenex Antistatic Computer Chair Mats,3317.0119999999997,-530.038,6,0.2333333333333333,-15.979381443298971,4,1,5,Profitable
Tenex B1-RE Series Chair Mats for Low Pile Carpets,1002.3639999999999,124.6058,7,0.028571428571428574,12.43119266055046,3,3,6,Profitable
"Tenex Carpeted, Granite-Look or Clear Contemporary Contour Shape Chair Mats",763.6679999999999,-222.73649999999998,5,0.24,-29.166666666666668,3,1,4,Risky
"Tenex Chairmat w/ Average Lip, 45"" x 53""",2058.496,-529.76,4,0.3,-25.735294117647058,4,1,5,Profitable
Tenex Chairmats For Use With Carpeted Floors,175.78,8.789,4,0.0,5.0,2,1,3,Risky
Tenex Chairmats For Use with Hard Floors,467.712,-129.92,6,0.26666666666666666,-27.777777777777775,3,1,4,Risky
"Tenex Contemporary Contur Chairmats for Low and Medium Pile Carpet, Computer, 39"" x 49""",1010.7819999999999,150.542,4,0.05,14.893617021276597,3,4,7,Star Product
"Tenex File Box, Personal Filing Tote with Lid, Black",338.118,62.660399999999996,7,0.08571428571428573,18.532110091743117,3,3,6,Profitable
"Tenex Personal Filing Tote With Secure Closure Lid, Black/Frost",279.18,23.265,5,0.12000000000000002,8.333333333333332,2,2,4,Risky
"Tenex Personal Project File with Scoop Front Design, Black",517.6320000000001,118.62400000000001,10,0.06000000000000001,22.916666666666664,3,3,6,Profitable
"Tenex Personal Self-Stacking Standard File Box, Black/Gray",229.976,44.811499999999995,5,0.08,19.485294117647058,2,2,4,Risky
"Tenex Traditional Chairmats for Hard Floors, Average Lip, 36"" x 48""",180.46,-46.403999999999996,2,0.3,-25.71428571428571,2,1,3,Risky
"Tenex Traditional Chairmats for Medium Pile Carpet, Standard Lip, 36"" x 48""",1322.17,172.246,6,0.13333333333333333,13.027522935779817,4,4,8,Star Product
"Tenex V2T-RE Standard Weight Series Chair Mat, 45"" x 53"", Lip 25"" x 12""",468.46799999999996,51.105599999999995,3,0.06666666666666667,10.909090909090908,3,3,6,Profitable
Tennsco 16-Compartment Lockers with Coat Rack,7515.523999999999,1114.3708,5,0.12000000000000002,14.827586206896552,4,4,8,Star Product
Tennsco 6- and 18-Compartment Lockers,10925.003999999999,1575.1098,11,0.05454545454545456,14.41747572815534,4,4,8,Star Product
Tennsco Commercial Shelving,374.256,-48.6126,9,0.1111111111111111,-12.98913043478261,3,1,4,Risky
Tennsco Double-Tier Lockers,9630.856,429.7882,12,0.10000000000000002,4.462616822429907,4,4,8,Star Product
Tennsco Industrial Shelving,1281.442,-108.5802,9,0.1111111111111111,-8.473282442748092,4,1,5,Profitable
"Tennsco Lockers, Gray",402.816,-26.434800000000003,6,0.10000000000000002,-6.562500000000002,3,1,4,Risky
"Tennsco Lockers, Sand",407.012,56.2264,5,0.12000000000000002,13.814432989690722,3,3,6,Profitable
Tennsco Regal Shelving Units,1764.534,-6.084599999999998,4,0.05,-0.3448275862068964,4,1,5,Profitable
Tennsco Single-Tier Lockers,9158.296,-825.7479999999999,8,0.07500000000000001,-9.016393442622949,4,1,5,Profitable
"Tennsco Snap-Together Open Shelving Units, Starter Sets and Add-On Units",6819.312,181.66199999999998,6,0.03333333333333333,2.663934426229508,4,4,8,Star Product
"Tennsco Stur-D-Stor Boltless Shelving, 5 Shelves, 24"" Deep, Sand",4384.044,-36.533699999999996,7,0.028571428571428574,-0.8333333333333334,4,1,5,Profitable
"Tensor ""Hersey Kiss"" Styled Floor Lamp",93.52799999999999,2.0784000000000002,3,0.06666666666666667,2.2222222222222228,1,1,2,Loss Maker
Tensor Brushed Steel Torchiere Floor Lamp,146.11399999999998,6.795999999999999,4,0.19999999999999998,4.651162790697675,2,1,3,Risky
Tensor Computer Mounted Lamp,536.04,144.7308,8,0.0,27.0,3,4,7,Star Product
Tensor Track Tree Floor Lamp,299.85,38.180899999999994,4,0.1,12.73333333333333,2,2,4,Risky
Texas Instrument TI-15 Fraction Calculator,41.905,-20.519,2,0.44999999999999996,-48.9655172413793,1,1,2,Loss Maker
Texas Instruments TI-34 Scientific Calculator,204.507,64.6506,3,0.2333333333333333,31.61290322580645,2,3,5,Profitable
Things To Do Today Pad,138.532,59.1696,7,0.1142857142857143,42.71186440677966,2,3,5,Profitable
Things To Do Today Spiral Book,82.368,29.8584,3,0.20000000000000004,36.25000000000001,1,2,3,Risky
Tops Green Bar Computer Printout Paper,342.58,171.29,3,0.0,50.0,3,4,7,Star Product
Tops White Computer Printout Paper,684.74,321.8278,4,0.0,47.0,3,4,7,Star Product
Tops Wirebound Message Log Books,73.696,29.281,6,0.06666666666666667,39.732142857142854,1,2,3,Risky
Toshiba IPT2010-SD IP Telephone,3613.74,425.3094,8,0.17500000000000002,11.76923076923077,4,4,8,Star Product
Translucent Push Pins by OIC,24.552,5.841,3,0.13333333333333333,23.790322580645164,1,1,2,Loss Maker
"Trav-L-File Heavy-Duty Shuttle II, Black",1193.818,278.848,7,0.08571428571428573,23.357664233576646,3,4,7,Star Product
Trimflex Flexible Post Binders,346.356,112.8864,4,0.3,32.59259259259259,3,3,6,Profitable
Tripp Lite Isotel 6 Outlet Surge Protector with Fax/Modem Protection,1243.788,74.99310000000001,6,0.19999999999999998,6.029411764705883,4,3,7,Star Product
Tripp Lite Isotel 8 Ultra 8 Outlet Metal Surge,823.2520000000001,-17.03280000000001,3,0.3333333333333333,-2.0689655172413803,3,1,4,Risky
Tripp Lite TLP810NET Broadband Surge for Modem/Fax,937.848,130.4832,6,0.23333333333333336,13.913043478260873,3,3,6,Profitable
Tuf-Vin Binders,669.496,234.3236,7,0.2714285714285714,35.0,3,4,7,Star Product
Tuff Stuff Recycled Round Ring Binders,80.494,23.955399999999997,9,0.2777777777777778,29.760479041916167,1,2,3,Risky
Turquoise Lead Holder with Pocket Clip,37.52,10.586,3,0.06666666666666667,28.214285714285715,1,2,3,Risky
"Tyvek  Top-Opening Peel & Seel  Envelopes, Gray",610.98,274.941,3,0.0,44.99999999999999,3,4,7,Star Product
"Tyvek  Top-Opening Peel & Seel Envelopes, Plain White",570.78,225.0504,7,0.1142857142857143,39.42857142857143,3,4,7,Star Product
"Tyvek Interoffice Envelopes, 9 1/2"" x 12 1/2"", 100/Box",939.092,421.9816,5,0.04,44.935064935064936,3,4,7,Star Product
Tyvek Side-Opening Peel & Seel Expanding Envelopes,1266.72,570.024,5,0.0,45.0,4,4,8,Star Product
Ultra Commercial Grade Dual Valve Door Closer,63.824,9.5736,1,0.2,15.000000000000002,1,1,2,Loss Maker
"Ultra Door Kickplate, 8""H x 34""W",158.24,27.692,2,0.2,17.5,2,2,4,Risky
Ultra Door Pull Handle,265.104,74.7972,6,0.06666666666666667,28.21428571428572,2,3,5,Profitable
Ultra Door Push Plate,149.264,37.4142,7,0.05714285714285715,25.06578947368421,2,2,4,Risky
UniKeep View Case Binders,28.851,-5.4768,5,0.5,-18.983050847457626,1,1,2,Loss Maker
Universal Premium White Copier/Laser Paper (20Lb. and 87 Bright),129.168,55.9728,5,0.08,43.33333333333333,2,3,5,Profitable
"Universal Recycled Hanging Pressboard Report Binders, Letter Size",72.806,8.638000000000002,5,0.48,11.86440677966102,1,1,2,Loss Maker
"Universal Ultra Bright White Copier/Laser Paper, 8 1/2"" x 11"", Ream",15.552,5.6376,1,0.2,36.25,1,1,2,Loss Maker
Unpadded Memo Slips,18.308,8.358,2,0.1,45.652173913043484,1,1,2,Loss Maker
V7 USB Numeric Keypad,461.868,-58.7832,4,0.15000000000000002,-12.727272727272728,3,1,4,Risky
VTech DS6151,2746.582,478.762,8,0.125,17.431192660550458,4,4,8,Star Product
VariCap6 Expandable Binder,122.83,31.14,3,0.3,25.352112676056336,2,2,4,Risky
"Verbatim 25 GB 6x Blu-ray Single Layer Recordable Disc, 1/Pack",83.44,11.473,3,0.20000000000000004,13.750000000000002,1,2,3,Risky
"Verbatim 25 GB 6x Blu-ray Single Layer Recordable Disc, 10/Pack",150.67000000000002,41.955799999999996,5,0.08,27.846153846153843,2,2,4,Risky
"Verbatim 25 GB 6x Blu-ray Single Layer Recordable Disc, 25/Pack",248.292,91.0404,5,0.12000000000000002,36.66666666666667,2,3,5,Profitable
"Verbatim 25 GB 6x Blu-ray Single Layer Recordable Disc, 3/Pack",184.536,67.104,6,0.10000000000000002,36.36363636363637,2,3,5,Profitable
"Verbatim Slim CD and DVD Storage Cases, 50/Pack",80.78,16.156,4,0.1,20.0,1,2,3,Risky
"Vinyl Coated Wire Paper Clips in Organizer Box, 800/Box",296.184,119.7364,8,0.1,40.42635658914728,2,3,5,Profitable
Vinyl Sectional Post Binders,901.03,147.02999999999997,11,0.41818181818181815,16.31799163179916,3,4,7,Star Product
"Vtech AT&T CL2940 Corded Speakerphone, Black",71.976,24.2919,1,0.2,33.75,1,2,3,Risky
Vtech CS6719,2630.126,418.51640000000003,7,0.17142857142857146,15.912408759124089,4,4,8,Star Product
WD My Passport Ultra 1TB Portable External Hard Drive,1007.4,33.81,6,0.16666666666666666,3.356164383561644,3,2,5,Profitable
WD My Passport Ultra 2TB Portable External Hard Drive,3998.4,499.8,8,0.025,12.5,4,4,8,Star Product
WD My Passport Ultra 500GB Portable External Hard Drive,708.0,120.36,4,0.0,17.0,3,3,6,Profitable
Wasp CCD Handheld Bar Code Reader,336.51,44.868,1,0.4,13.333333333333334,3,3,6,Profitable
Wausau Papers Astrobrights Colored Envelopes,50.232,22.7838,3,0.06666666666666667,45.357142857142854,1,2,3,Risky
Westinghouse Clip-On Gooseneck Lamps,279.558,44.1936,9,0.1111111111111111,15.808383233532936,2,2,4,Risky
"Westinghouse Floor Lamp with Metal Mesh Shade, Black",167.93,38.6239,4,0.0,23.0,2,2,4,Risky
"Westinghouse Mesh Shade Clip-On Gooseneck Lamp, Black",84.84,22.0584,2,0.0,25.999999999999996,1,2,3,Risky
Weyerhaeuser First Choice Laser/Copy Paper (20Lb. and 88 Bright),155.51999999999998,71.28,5,0.04,45.833333333333336,2,3,5,Profitable
"While You Were Out Pads, 50 per Pad, 4 x 5 1/4, Green Cycle",50.138000000000005,18.778100000000002,4,0.15000000000000002,37.45283018867925,1,2,3,Risky
"White Business Envelopes with Contemporary Seam, Recycled White Business Envelopes",336.952,150.97199999999998,6,0.10000000000000002,44.805194805194795,3,4,7,Star Product
White Computer Printout Paper by Universal,1279.08,547.6788,8,0.1,42.81818181818182,4,4,8,Star Product
"White Dual Perf Computer Printout Paper, 2700 Sheets, 1 Part, Heavyweight, 20 lbs., 14 7/8 x 11",909.9780000000001,408.2604,6,0.10000000000000002,44.86486486486486,3,4,7,Star Product
"White Envelopes, White Envelopes with Clear Poly Window",320.25,139.07999999999998,5,0.08,43.42857142857142,3,3,6,Profitable
White GlueTop Scratch Pads,186.49599999999998,72.7936,2,0.1,39.032258064516135,2,3,5,Profitable
Wi-Ex zBoost YX540 Cellular Phone Signal Booster,2481.15,540.015,6,0.10000000000000002,21.76470588235294,4,4,8,Star Product
Wilson Electronics DB Pro Signal Booster,8878.4,515.52,10,0.22000000000000003,5.806451612903226,4,4,8,Star Product
"Wilson Jones 1"" Hanging DublLock Ring Binders",117.744,-8.5536,10,0.5,-7.26457399103139,2,1,3,Risky
Wilson Jones 14 Line Acrylic Coated Pressboard Data Binders,100.392,35.297399999999996,4,0.175,35.159574468085104,2,2,4,Risky
Wilson Jones Active Use Binders,115.024,37.0552,6,0.3,32.21518987341772,2,2,4,Risky
Wilson Jones Century Plastic Molded Ring Binders,583.6370000000001,55.2482,10,0.37,9.466192170818504,3,3,6,Profitable
"Wilson Jones Clip & Carry Folder Binder Tool for Ring Binders, Clear",191.98,50.228,9,0.2888888888888889,26.163141993957705,2,3,5,Profitable
Wilson Jones Custom Binder Spines & Labels,41.344,-19.6928,7,0.6285714285714284,-47.63157894736841,1,1,2,Loss Maker
Wilson Jones DublLock D-Ring Binders,35.775,15.525,2,0.35,43.39622641509434,1,2,3,Risky
Wilson Jones Easy Flow II Sheet Lifters,51.480000000000004,5.6160000000000005,12,0.38333333333333336,10.90909090909091,1,1,2,Loss Maker
"Wilson Jones Elliptical Ring 3 1/2"" Capacity Binders, 800 sheets",834.6,-82.17599999999999,8,0.5125,-9.846153846153845,3,1,4,Risky
Wilson Jones Four-Pocket Poly Binders,62.13,5.4282,4,0.425,8.736842105263158,1,1,2,Loss Maker
Wilson Jones Hanging Recycled Pressboard Data Binders,32.647999999999996,1.7807999999999993,2,0.44999999999999996,5.454545454545453,1,1,2,Loss Maker
"Wilson Jones Hanging View Binder, White, 1""",143.42,55.238,7,0.1142857142857143,38.51485148514852,2,3,5,Profitable
Wilson Jones Heavy-Duty Casebound Ring Binders with Metal Hinges,554.24,157.95839999999998,6,0.3,28.499999999999996,3,4,7,Star Product
Wilson Jones Impact Binders,134.68,23.724400000000003,9,0.3888888888888889,17.615384615384617,2,2,4,Risky
Wilson Jones International Size A4 Ring Binders,174.73000000000002,12.802000000000005,7,0.37142857142857144,7.326732673267329,2,2,4,Risky
Wilson Jones Leather-Like Binders with DublLock Round Rings,238.329,25.4916,12,0.35000000000000003,10.695970695970695,2,2,4,Risky
"Wilson Jones Ledger-Size, Piano-Hinge Binder, 2"", Blue",1217.106,215.5548,12,0.3666666666666667,17.71043771043771,4,4,8,Star Product
Wilson Jones Legal Size Ring Binders,532.158,48.37800000000001,9,0.4222222222222222,9.090909090909092,3,3,6,Profitable
Wilson Jones Standard D-Ring Binders,96.646,26.9192,8,0.32499999999999996,27.853403141361255,1,2,3,Risky
Wilson Jones Suede Grain Vinyl Binders,16.402,5.0596000000000005,3,0.2333333333333333,30.847457627118647,1,1,2,Loss Maker
Wilson Jones Turn Tabs Binder Tool for Ring Binders,212.08,58.5148,13,0.2692307692307692,27.590909090909086,2,3,5,Profitable
Wilson Jones data.warehouse D-Ring Binders with DublLock,66.663,15.307799999999999,5,0.4,22.962962962962962,1,2,3,Risky
Wilson Jones “Snap” Scratch Pad Binder Tool for Ring Binders,100.92,30.739999999999995,5,0.2,30.459770114942526,2,2,4,Risky
Wilson SignalBoost 841262 DB PRO Amplifier Kit,5327.26,1043.855,6,0.16666666666666666,19.594594594594593,4,4,8,Star Product
"Wirebound Four 2-3/4 x 5 Forms per Page, 400 Sets per Book",119.97,47.601,6,0.13333333333333333,39.67741935483871,2,3,5,Profitable
"Wirebound Message Book, 4 per Page",184.62,87.69449999999999,7,0.028571428571428574,47.49999999999999,2,3,5,Profitable
"Wirebound Message Books, 2 7/8"" x 5"", 3 Forms per Page",108.416,44.985600000000005,3,0.06666666666666667,41.4935064935065,2,3,5,Profitable
"Wirebound Message Books, 5-1/2 x 4 Forms, 2 or 4 Forms per Page",72.25200000000001,31.3092,3,0.13333333333333333,43.33333333333333,1,2,3,Risky
"Wirebound Message Books, Four 2 3/4 x 5 Forms per Page, 200 Sets per Book",115.434,47.223,6,0.06666666666666667,40.909090909090914,2,3,5,Profitable
"Wirebound Message Books, Four 2 3/4 x 5 White Forms per Page",218.094,95.2656,7,0.028571428571428574,43.68098159509203,2,3,5,Profitable
"Wirebound Message Books, Four 2 3/4"" x 5"" Forms per Page, 600 Sets per Book",246.582,109.01520000000001,9,0.044444444444444446,44.21052631578948,2,3,5,Profitable
"Wirebound Message Books, Two 4 1/4"" x 5"" Forms per Page",109.584,49.084500000000006,6,0.03333333333333333,44.79166666666667,2,3,5,Profitable
"Wirebound Message Forms, Four 2 3/4 x 5 Forms per Page, Pink Paper",35.948,14.2975,2,0.1,39.77272727272727,1,2,3,Risky
"Wirebound Service Call Books, 5 1/2"" x 4""",125.84,60.4032,5,0.0,48.0,2,3,5,Profitable
Wirebound Voice Message Log Book,15.232,4.9504,2,0.2,32.5,1,1,2,Loss Maker
Wireless Extenders zBoost YX545 SOHO Signal Booster,4044.3860000000004,733.2812,7,0.14285714285714285,18.130841121495326,4,4,8,Star Product
Woodgrain Magazine Files by Perma,69.136,2.6224,6,0.06666666666666667,3.793103448275862,1,1,2,Loss Maker
X-Rack File for Hanging Folders,318.378,67.74,9,0.044444444444444446,21.27659574468085,3,3,6,Profitable
Xblue XB-1670-86 X16 Small Office Telephone - Titanium,604.752,132.2895,2,0.1,21.875000000000004,3,3,6,Profitable
Xerox 188,213.192,97.524,8,0.05,45.744680851063826,2,3,5,Profitable
Xerox 1880,623.744,285.64639999999997,5,0.04,45.79545454545454,3,4,7,Star Product
Xerox 1881,454.36,207.04080000000002,11,0.03333333333333333,45.567567567567565,3,4,7,Star Product
Xerox 1882,615.78,273.18240000000003,5,0.12000000000000002,44.363636363636374,3,4,7,Star Product
Xerox 1883,881.092,354.0196,7,0.05714285714285715,40.17964071856287,3,4,7,Star Product
Xerox 1884,543.456,204.5952,8,0.1,37.64705882352941,3,4,7,Star Product
Xerox 1885,960.8,461.184,5,0.0,48.00000000000001,3,4,7,Star Product
Xerox 1886,651.4399999999999,302.728,5,0.04,46.47058823529412,3,4,7,Star Product
Xerox 1887,512.1899999999999,216.25799999999998,8,0.1,42.22222222222222,3,4,7,Star Product
Xerox 1888,1231.656,539.2656,6,0.06666666666666667,43.78378378378378,4,4,8,Star Product
Xerox 1889,516.624,236.32799999999997,3,0.06666666666666667,45.744680851063826,3,4,7,Star Product
Xerox 189,1782.4499999999998,746.532,6,0.06666666666666667,41.88235294117648,4,4,8,Star Product
Xerox 1890,244.7,122.35,2,0.0,50.0,2,3,5,Profitable
Xerox 1891,1320.57,542.901,7,0.05714285714285715,41.11111111111111,4,4,8,Star Product
Xerox 1892,178.296,79.458,2,0.1,44.56521739130435,2,3,5,Profitable
Xerox 1893,1434.65,619.3589,11,0.09090909090909091,43.171428571428564,4,4,8,Star Product
Xerox 1894,169.776,78.79679999999999,5,0.08,46.41221374045801,2,3,5,Profitable
Xerox 1895,191.36,82.82300000000001,7,0.05714285714285715,43.28125,2,3,5,Profitable
Xerox 1896,49.95,22.4775,2,0.0,44.99999999999999,1,2,3,Risky
Xerox 1897,67.72800000000001,27.0912,4,0.15000000000000002,40.0,1,2,3,Risky
Xerox 1898,280.56,120.7744,11,0.07272727272727274,43.047619047619044,2,3,5,Profitable
Xerox 1899,69.36,28.090799999999998,5,0.12000000000000002,40.5,1,2,3,Risky
Xerox 19,415.132,159.54700000000003,4,0.1,38.43283582089553,3,4,7,Star Product
Xerox 190,29.88,14.0436,2,0.0,47.0,1,2,3,Risky
Xerox 1900,105.288,44.084,7,0.08571428571428573,41.869918699187,2,2,4,Risky
Xerox 1901,16.896,5.28,1,0.2,31.25,1,1,2,Loss Maker
Xerox 1902,82.22399999999999,32.8896,2,0.1,40.00000000000001,1,2,3,Risky
Xerox 1903,138.736,65.54079999999999,6,0.03333333333333333,47.241379310344826,2,3,5,Profitable
Xerox 1905,146.448,68.94720000000001,5,0.04,47.07964601769912,2,3,5,Profitable
Xerox 1906,1098.6399999999999,497.5776,7,0.05714285714285715,45.29032258064517,3,4,7,Star Product
Xerox 1907,122.8,57.716,3,0.0,47.0,2,3,5,Profitable
Xerox 1908,1712.988,799.3944,7,0.028571428571428574,46.666666666666664,4,4,8,Star Product
Xerox 1909,970.784,400.976,9,0.08888888888888889,41.30434782608695,3,4,7,Star Product
Xerox 191,767.232,354.2454,10,0.02,46.17187500000001,3,4,7,Star Product
Xerox 1910,586.088,236.3568,5,0.12000000000000002,40.32786885245902,3,4,7,Star Product
Xerox 1911,603.54,279.736,5,0.04,46.34920634920635,3,4,7,Star Product
Xerox 1912,201.082,92.5736,4,0.05,46.0377358490566,2,3,5,Profitable
Xerox 1913,865.4879999999999,375.0448,5,0.04,43.333333333333336,3,4,7,Star Product
Xerox 1914,956.3040000000001,423.74159999999995,5,0.08,44.31034482758619,3,4,7,Star Product
Xerox 1915,2789.0099999999998,1262.394,9,0.044444444444444446,45.26315789473684,4,4,8,Star Product
Xerox 1916,831.98,342.58,7,0.14285714285714285,41.17647058823529,3,4,7,Star Product
Xerox 1917,1222.75,574.6925,5,0.0,47.0,4,4,8,Star Product
Xerox 1918,155.04,75.9696,1,0.0,49.00000000000001,2,3,5,Profitable
Xerox 1919,1565.818,729.622,9,0.044444444444444446,46.596858638743456,4,4,8,Star Product
Xerox 192,142.56,68.4288,6,0.0,48.0,2,3,5,Profitable
Xerox 1920,89.7,40.365,4,0.0,45.0,1,2,3,Risky
Xerox 1921,55.944,17.4825,3,0.20000000000000004,31.25,1,2,3,Risky
Xerox 1922,11.952,4.3326,1,0.2,36.25000000000001,1,1,2,Loss Maker
Xerox 1923,94.856,39.2784,5,0.08,41.40845070422535,1,2,3,Risky
Xerox 1924,60.112,24.7384,4,0.15000000000000002,41.15384615384615,1,2,3,Risky
Xerox 1925,489.48400000000004,182.782,6,0.10000000000000002,37.34177215189873,3,4,7,Star Product
Xerox 1926,34.86,16.3842,1,0.0,47.0,1,2,3,Risky
Xerox 1927,65.056,22.683999999999997,5,0.12000000000000002,34.868421052631575,1,2,3,Risky
Xerox 1928,124.608,49.104,4,0.1,39.40677966101695,2,3,5,Profitable
Xerox 1929,351.736,154.3984,4,0.05,43.8961038961039,3,4,7,Star Product
Xerox 193,77.74000000000001,38.0926,3,0.0,48.99999999999999,1,2,3,Risky
Xerox 1930,138.672,59.3568,5,0.12000000000000002,42.80373831775701,2,3,5,Profitable
Xerox 1931,209.952,88.6464,8,0.07500000000000001,42.22222222222222,2,3,5,Profitable
Xerox 1932,85.056,28.7064,1,0.2,33.75,1,2,3,Risky
Xerox 1933,294.72,138.5184,5,0.0,47.0,2,3,5,Profitable
Xerox 1934,1097.2079999999999,526.212,5,0.04,47.95918367346939,3,4,7,Star Product
Xerox 1935,538.152,239.0028,4,0.05,44.41176470588235,3,4,7,Star Product
Xerox 1936,155.844,60.5394,3,0.13333333333333333,38.84615384615385,2,3,5,Profitable
Xerox 1937,499.616,199.84640000000002,4,0.15000000000000002,40.0,3,4,7,Star Product
Xerox 1938,268.24,93.884,1,0.2,35.0,2,3,5,Profitable
Xerox 1939,417.34,200.32319999999999,5,0.0,48.0,3,4,7,Star Product
Xerox 194,443.84000000000003,184.1936,4,0.1,41.5,3,4,7,Star Product
Xerox 1940,615.552,279.1968,4,0.05,45.357142857142854,3,4,7,Star Product
Xerox 1941,1740.51,704.592,5,0.16,40.48192771084337,4,4,8,Star Product
Xerox 1942,597.068,278.95799999999997,6,0.06666666666666667,46.721311475409834,3,4,7,Star Product
Xerox 1943,743.432,328.6752,4,0.05,44.21052631578948,3,4,7,Star Product
Xerox 1944,573.648,257.3664,6,0.10000000000000002,44.86486486486486,3,4,7,Star Product
Xerox 1945,1696.986,756.2655,8,0.05,44.565217391304344,4,4,8,Star Product
Xerox 1946,79.056,35.2512,3,0.06666666666666667,44.59016393442623,1,2,3,Risky
Xerox 1947,136.344,54.119,5,0.08,39.69298245614035,2,3,5,Profitable
Xerox 1948,149.85000000000002,67.4325,3,0.0,44.99999999999999,2,3,5,Profitable
Xerox 1949,114.54,43.4256,8,0.15000000000000002,37.913043478260875,2,2,4,Risky
Xerox 195,164.328,70.54079999999999,8,0.125,42.92682926829268,2,3,5,Profitable
Xerox 1950,49.708,23.177799999999998,3,0.06666666666666667,46.627906976744185,1,2,3,Risky
Xerox 1951,755.912,244.74200000000002,6,0.16666666666666666,32.37704918032787,3,4,7,Star Product
Xerox 1952,97.60799999999999,44.82,4,0.05,45.91836734693878,1,3,4,Risky
Xerox 1953,47.08,18.832,4,0.1,40.0,1,2,3,Risky
Xerox 1954,84.48,32.208,4,0.1,38.125,1,2,3,Risky
Xerox 1955,182.72,59.384,2,0.2,32.5,2,3,5,Profitable
Xerox 1956,89.7,40.9032,2,0.1,45.599999999999994,1,2,3,Risky
Xerox 1957,95.904,39.7224,6,0.10000000000000002,41.418918918918926,1,2,3,Risky
Xerox 1958,32.400000000000006,15.552,2,0.0,47.99999999999999,1,2,3,Risky
Xerox 1959,133.6,60.6544,6,0.06666666666666667,45.4,2,3,5,Profitable
Xerox 196,92.47999999999999,39.4196,8,0.1,42.62500000000001,1,2,3,Risky
Xerox 1960,879.832,334.584,6,0.10000000000000002,38.028169014084504,3,4,7,Star Product
Xerox 1962,109.568,43.656,7,0.05714285714285715,39.84375,2,2,4,Risky
Xerox 1963,77.088,27.72,3,0.13333333333333333,35.95890410958904,1,2,3,Risky
Xerox 1964,721.7439999999999,314.73519999999996,4,0.04,43.60759493670886,3,4,7,Star Product
Xerox 1965,56.212,25.714,4,0.05,45.744680851063826,1,2,3,Risky
Xerox 1966,79.056,32.7888,6,0.10000000000000002,41.47540983606558,1,2,3,Risky
Xerox 1967,89.424,38.879999999999995,5,0.08,43.47826086956521,1,2,3,Risky
Xerox 1968,165.664,75.35040000000001,5,0.08,45.48387096774194,2,3,5,Profitable
Xerox 1969,11.56,5.6644,1,0.0,48.99999999999999,1,1,2,Loss Maker
Xerox 197,501.87600000000003,195.174,3,0.06666666666666667,38.88888888888889,3,4,7,Star Product
Xerox 1970,101.592,43.5252,6,0.06666666666666667,42.84313725490196,2,2,4,Risky
Xerox 1971,113.84800000000001,47.936,6,0.10000000000000002,42.10526315789473,2,3,5,Profitable
Xerox 1972,46.464,17.424,5,0.12000000000000002,37.5,1,2,3,Risky
Xerox 1973,169.01600000000002,70.3472,2,0.1,41.62162162162162,2,3,5,Profitable
Xerox 1974,57.408,26.91,4,0.05,46.875,1,2,3,Risky
Xerox 1975,69.98400000000001,30.3264,5,0.08,43.33333333333333,1,2,3,Risky
Xerox 1976,36.288,12.700800000000001,2,0.2,35.0,1,2,3,Risky
Xerox 1977,130.928,61.455999999999996,6,0.03333333333333333,46.93877551020408,2,3,5,Profitable
Xerox 1978,174.556,74.33080000000001,8,0.1,42.58278145695365,2,3,5,Profitable
Xerox 1979,328.38800000000003,140.959,3,0.06666666666666667,42.92452830188679,3,3,6,Profitable
Xerox 198,75.696,33.4656,3,0.06666666666666667,44.21052631578948,1,2,3,Risky
Xerox 1980,34.24,15.408,2,0.0,44.99999999999999,1,2,3,Risky
Xerox 1981,70.752,30.096,4,0.05,42.53731343283582,1,2,3,Risky
Xerox 1982,237.536,89.5328,3,0.06666666666666667,37.69230769230769,2,3,5,Profitable
Xerox 1983,29.900000000000002,14.651,2,0.0,48.99999999999999,1,2,3,Risky
Xerox 1984,12.96,6.3504,1,0.0,48.99999999999999,1,1,2,Loss Maker
Xerox 1985,25.92,9.072,2,0.2,34.99999999999999,1,1,2,Loss Maker
Xerox 1986,85.50399999999999,40.3472,4,0.05,47.18750000000001,1,2,3,Risky
Xerox 1987,92.48,45.3152,4,0.0,48.99999999999999,1,3,4,Risky
Xerox 1988,1102.888,404.289,9,0.1111111111111111,36.65730337078652,3,4,7,Star Product
Xerox 1989,7.968,2.6892,1,0.2,33.75,1,1,2,Loss Maker
Xerox 199,57.352,19.688000000000002,4,0.15000000000000002,34.32835820895523,1,2,3,Risky
Xerox 1990,36.96,13.728,2,0.1,37.14285714285714,1,2,3,Risky
Xerox 1991,575.568,254.8944,6,0.06666666666666667,44.285714285714285,3,4,7,Star Product
Xerox 1992,86.11200000000001,40.365,4,0.05,46.875,1,2,3,Risky
Xerox 1993,147.744,68.4288,8,0.07500000000000001,46.31578947368421,2,3,5,Profitable
Xerox 1994,76.464,32.6592,4,0.1,42.71186440677966,1,2,3,Risky
Xerox 1995,121.82400000000001,47.6928,6,0.10000000000000002,39.148936170212764,2,3,5,Profitable
Xerox 1996,176.256,81.9072,8,0.025,46.470588235294116,2,3,5,Profitable
Xerox 1997,178.848,77.76,8,0.05,43.47826086956522,2,3,5,Profitable
Xerox 1998,46.656,16.3296,2,0.2,35.0,1,2,3,Risky
Xerox 1999,98.49600000000001,41.2128,7,0.08571428571428573,41.84210526315789,2,2,4,Risky
Xerox 2,137.376,53.135999999999996,9,0.15555555555555556,38.679245283018865,2,3,5,Profitable
Xerox 20,6.48,3.1104,1,0.0,47.99999999999999,1,1,2,Loss Maker
Xerox 200,84.24000000000001,33.696,5,0.12000000000000002,39.99999999999999,1,2,3,Risky
Xerox 2000,84.24000000000001,37.0656,5,0.08,44.0,1,2,3,Risky
Xerox 201,110.16,46.1376,5,0.08,41.88235294117647,2,3,5,Profitable
Xerox 202,171.072,76.7232,8,0.05,44.84848484848485,2,3,5,Profitable
Xerox 203,143.856,62.985600000000005,6,0.06666666666666667,43.78378378378379,2,3,5,Profitable
Xerox 204,110.16,52.8768,4,0.0,48.00000000000001,2,3,5,Profitable
Xerox 205,150.336,69.4656,4,0.05,46.20689655172413,2,3,5,Profitable
Xerox 206,60.912000000000006,23.846400000000003,5,0.16,39.148936170212764,1,2,3,Risky
Xerox 207,40.176,16.5888,2,0.1,41.29032258064515,1,2,3,Risky
Xerox 208,54.432,24.105600000000003,2,0.1,44.28571428571429,1,2,3,Risky
Xerox 209,187.92000000000002,90.2016,5,0.0,48.0,2,3,5,Profitable
Xerox 21,124.416,43.5456,7,0.2,35.0,2,2,4,Risky
Xerox 210,95.904,35.2512,6,0.16666666666666666,36.75675675675675,1,2,3,Risky
Xerox 211,104.976,40.9536,4,0.1,39.01234567901235,2,2,4,Risky
Xerox 212,141.264,57.024,7,0.1142857142857143,40.366972477064216,2,3,5,Profitable
Xerox 213,111.456,50.803200000000004,6,0.06666666666666667,45.58139534883721,2,3,5,Profitable
Xerox 214,215.136,90.46079999999999,9,0.06666666666666668,42.04819277108434,2,3,5,Profitable
Xerox 215,45.36,21.7728,2,0.0,48.0,1,2,3,Risky
Xerox 216,238.464,96.9408,8,0.125,40.65217391304348,2,3,5,Profitable
Xerox 217,151.632,67.392,8,0.07500000000000001,44.44444444444444,2,3,5,Profitable
Xerox 218,49.248000000000005,22.2912,5,0.08,45.263157894736835,1,2,3,Risky
Xerox 219,97.2,46.656,4,0.0,48.0,1,3,4,Risky
Xerox 22,75.168,31.3632,3,0.06666666666666667,41.72413793103448,1,2,3,Risky
Xerox 220,145.15200000000002,60.912,8,0.1,41.96428571428571,2,3,5,Profitable
Xerox 221,80.352,33.1776,4,0.1,41.29032258064515,1,2,3,Risky
Xerox 222,134.784,60.6528,7,0.08571428571428573,45.0,2,3,5,Profitable
Xerox 223,58.32,27.9936,3,0.0,48.0,1,2,3,Risky
Xerox 224,95.904,38.6208,6,0.10000000000000002,40.270270270270274,1,2,3,Risky
Xerox 225,196.99200000000002,85.7952,9,0.06666666666666668,43.55263157894736,2,3,5,Profitable
Xerox 226,334.368,155.7792,11,0.03636363636363637,46.58914728682171,3,4,7,Star Product
Xerox 227,120.528,46.3968,8,0.125,38.494623655913976,2,3,5,Profitable
Xerox 228,97.2,46.656,4,0.0,48.0,1,3,4,Risky
Xerox 229,85.536,34.992000000000004,3,0.13333333333333333,40.909090909090914,1,2,3,Risky
Xerox 23,141.264,63.7632,6,0.03333333333333333,45.13761467889908,2,3,5,Profitable
Xerox 230,127.008,56.2464,5,0.08,44.28571428571429,2,3,5,Profitable
Xerox 231,79.05600000000001,31.8816,5,0.12000000000000002,40.32786885245901,1,2,3,Risky
Xerox 232,120.52799999999999,56.5056,4,0.05,46.881720430107535,2,3,5,Profitable
Xerox 4200 Series MultiUse Premium Copy Paper (20Lb. and 84 Bright),139.392,52.272,8,0.07500000000000001,37.5,2,3,5,Profitable
Xerox Blank Computer Paper,99.9,46.953,1,0.0,47.0,2,3,5,Profitable
"Xerox Color Copier Paper, 11"" x 17"", Ream",593.84,260.83279999999996,6,0.03333333333333333,43.92307692307691,3,4,7,Star Product
Xerox WorkCentre 6505DN Laser Multifunction Printer,2519.958,-251.9958,1,0.4,-10.0,4,1,5,Profitable
Xiaomi Mi3,2279.96,592.7896,1,0.0,25.999999999999996,4,4,8,Star Product
"XtraLife ClearVue Slant-D Ring Binder, White, 3""",386.084,76.92320000000001,10,0.3,19.923954372623577,3,3,6,Profitable
XtraLife ClearVue Slant-D Ring Binders by Cardinal,72.912,-13.328,5,0.5,-18.279569892473116,1,1,2,Loss Maker
Zebra GK420t Direct Thermal/Thermal Transfer Printer,703.71,-938.28,1,0.7,-133.33333333333331,3,1,4,Risky
Zebra GX420t Direct Thermal/Thermal Transfer Printer,5787.355,509.712,3,0.3,8.807339449541285,4,4,8,Star Product
Zebra ZM400 Thermal Label Printer,6965.700000000001,3343.536,2,0.0,48.0,4,4,8,Star Product
Zebra Zazzle Fluorescent Highlighters,100.928,20.671999999999997,6,0.16666666666666666,20.48192771084337,2,2,4,Risky
Zipper Ring Binder Pockets,81.744,11.7312,13,0.37692307692307686,14.351145038167939,1,2,3,Risky
i.Sound Portable Power - 8000 mAh,413.322,-58.8189,5,0.12000000000000002,-14.23076923076923,3,1,4,Risky
iHome FM Clock Radio with Lightning Dock,699.9,17.4975,5,0.24000000000000005,2.5,3,2,5,Profitable
"iKross Bluetooth Portable Keyboard + Cell Phone Stand Holder + Brush for Apple iPhone 5S 5C 5, 4S 4",477.66,115.64399999999999,5,0.08,24.210526315789473,3,3,6,Profitable
iOttie HLCRIO102 Car Mount,215.892,-11.994,5,0.16,-5.555555555555555,2,1,3,Risky
iOttie XL Car Mount,223.88799999999998,-50.3748,2,0.2,-22.500000000000004,2,1,3,Risky
invisibleSHIELD by ZAGG Smudge-Free Screen Protector,442.554,171.2648,7,0.17142857142857146,38.69918699186992,3,4,7,Star Product
netTALK DUO VoIP Telephone Service,1112.788,430.418,7,0.17142857142857146,38.67924528301887,3,4,7,Star Product
